Site Name,Lat,Lon,Model,Experiment,Year,Avg Ann CFFDI,"DPY(12-25) ""High"" ","DPY(25-50) ""Very High""","DPY(50-75) "" Severe""","DPY(75-100) ""Extreme""","DPY(>100) ""Catastrophic"""
Adelaide,-34.92,138.62,CESM1-CAM5,rcp45,2030,3089.55,56.47,21.97,2.27,0.1,0
Adelaide,-34.92,138.62,CESM1-CAM5,rcp45,2050,3224.59,60.1,23.5,2.4,0.1,0
Adelaide,-34.92,138.62,CESM1-CAM5,rcp45,2070,3276.64,60,24.4,2.57,0.1,0
Adelaide,-34.92,138.62,CESM1-CAM5,rcp45,2090,3395.28,62.07,26,2.87,0.13,0
Adelaide,-34.92,138.62,CESM1-CAM5,rcp85,2030,3067.55,56.03,21.93,2.1,0.1,0
Adelaide,-34.92,138.62,CESM1-CAM5,rcp85,2050,3373.06,62.47,24.87,2.83,0.1,0
Adelaide,-34.92,138.62,CESM1-CAM5,rcp85,2070,3535.43,64.2,28.07,3.37,0.37,0
Adelaide,-34.92,138.62,CESM1-CAM5,rcp85,2090,3835.31,70.97,30.67,4.27,0.57,0.03
Adelaide,-34.92,138.62,GFDL-ESM2M,rcp45,2030,3885.64,75.17,29.6,3.47,0.3,0
Adelaide,-34.92,138.62,GFDL-ESM2M,rcp45,2050,3410.18,63.07,24.07,2.63,0.13,0
Adelaide,-34.92,138.62,GFDL-ESM2M,rcp45,2070,3817.06,73.3,29.2,3.6,0.2,0
Adelaide,-34.92,138.62,GFDL-ESM2M,rcp45,2090,3373.35,62.4,23.83,2.6,0.1,0
Adelaide,-34.92,138.62,GFDL-ESM2M,rcp85,2030,3334.71,62.2,23.07,2.3,0.1,0
Adelaide,-34.92,138.62,GFDL-ESM2M,rcp85,2050,3646.23,68.47,27.8,3.1,0.27,0
Adelaide,-34.92,138.62,GFDL-ESM2M,rcp85,2070,3855.3,72.2,29.83,3.7,0.23,0
Adelaide,-34.92,138.62,GFDL-ESM2M,rcp85,2090,4464.98,88.3,35.43,5.43,0.7,0
Adelaide,-34.92,138.62,MIROC5,rcp45,2030,3033.36,56.4,21.83,1.9,0.1,0
Adelaide,-34.92,138.62,MIROC5,rcp45,2050,3015.08,56.2,21.6,2.03,0.07,0
Adelaide,-34.92,138.62,MIROC5,rcp45,2070,3050.83,56.63,22.3,2.1,0.1,0
Adelaide,-34.92,138.62,MIROC5,rcp45,2090,3126.1,58.03,23.23,2.23,0.1,0
Adelaide,-34.92,138.62,MIROC5,rcp85,2030,2985.28,55.37,20.97,1.93,0.07,0
Adelaide,-34.92,138.62,MIROC5,rcp85,2050,3083.34,57.5,22.6,2.1,0.1,0
Adelaide,-34.92,138.62,MIROC5,rcp85,2070,3088.01,57.13,22.93,2.23,0.1,0
Adelaide,-34.92,138.62,MIROC5,rcp85,2090,3085.11,56.1,23.67,2.3,0.1,0
Adelaide,-34.92,138.62,OBS,historical,1995,2942.49,54.2,19.93,1.7,0.03,0
Albany-AP,-34.94,117.8,CESM1-CAM5,rcp45,2030,1474.66,14.53,2.4,0.27,0.03,0
Albany-AP,-34.94,117.8,CESM1-CAM5,rcp45,2050,1610.59,19.5,2.63,0.33,0.07,0
Albany-AP,-34.94,117.8,CESM1-CAM5,rcp45,2070,1767.71,23.8,3.23,0.37,0.07,0
Albany-AP,-34.94,117.8,CESM1-CAM5,rcp45,2090,1774.35,23.93,3.33,0.47,0.07,0
Albany-AP,-34.94,117.8,CESM1-CAM5,rcp85,2030,1579.56,18.6,2.63,0.37,0.03,0
Albany-AP,-34.94,117.8,CESM1-CAM5,rcp85,2050,1974.22,30.53,3.87,0.57,0.07,0
Albany-AP,-34.94,117.8,CESM1-CAM5,rcp85,2070,1974.22,30.53,3.87,0.57,0.07,0
Albany-AP,-34.94,117.8,CESM1-CAM5,rcp85,2090,2027.11,30,4,0.53,0.1,0
Albany-AP,-34.94,117.8,GFDL-ESM2M,rcp45,2030,2046.38,31.07,4.17,0.53,0.03,0
Albany-AP,-34.94,117.8,GFDL-ESM2M,rcp45,2050,1760.26,18.6,2.87,0.33,0.03,0
Albany-AP,-34.94,117.8,GFDL-ESM2M,rcp45,2070,2012.61,27.9,3.4,0.4,0.03,0
Albany-AP,-34.94,117.8,GFDL-ESM2M,rcp45,2090,1764.51,17.6,2.83,0.33,0,0
Albany-AP,-34.94,117.8,GFDL-ESM2M,rcp85,2030,1705.88,19.1,2.8,0.33,0.03,0
Albany-AP,-34.94,117.8,GFDL-ESM2M,rcp85,2050,2081.74,29.47,3.57,0.5,0.03,0
Albany-AP,-34.94,117.8,GFDL-ESM2M,rcp85,2070,2081.74,29.47,3.57,0.5,0.03,0
Albany-AP,-34.94,117.8,GFDL-ESM2M,rcp85,2090,2552.79,43.37,5.17,0.7,0.03,0.03
Albany-AP,-34.94,117.8,MIROC5,rcp45,2030,1540.74,16.73,2.57,0.33,0.03,0
Albany-AP,-34.94,117.8,MIROC5,rcp45,2050,1569.28,18.13,2.7,0.37,0.03,0
Albany-AP,-34.94,117.8,MIROC5,rcp45,2070,1571.37,18.5,2.73,0.33,0.03,0
Albany-AP,-34.94,117.8,MIROC5,rcp45,2090,1585.4,18.6,2.8,0.37,0.03,0
Albany-AP,-34.94,117.8,MIROC5,rcp85,2030,1533.36,16.3,2.4,0.33,0.03,0
Albany-AP,-34.94,117.8,MIROC5,rcp85,2050,1616.37,18.8,2.77,0.4,0.03,0
Albany-AP,-34.94,117.8,MIROC5,rcp85,2070,1616.37,18.8,2.77,0.4,0.03,0
Albany-AP,-34.94,117.8,MIROC5,rcp85,2090,1788.71,23.83,3.33,0.4,0.07,0
Albany-AP,-34.94,117.8,OBS,historical,1995,1463.28,14.03,2.33,0.27,0.03,0
Alice-Springs,-23.8,133.89,CESM1-CAM5,rcp45,2030,8885.23,113.7,134.5,24.3,1.53,0.13
Alice-Springs,-23.8,133.89,CESM1-CAM5,rcp45,2050,9416.91,107.03,136.67,32.3,2.5,0.2
Alice-Springs,-23.8,133.89,CESM1-CAM5,rcp45,2070,9377.15,109.17,137.5,30.97,2.13,0.2
Alice-Springs,-23.8,133.89,CESM1-CAM5,rcp45,2090,9580.31,106.87,139.2,33.73,2.43,0.23
Alice-Springs,-23.8,133.89,CESM1-CAM5,rcp85,2030,9036.69,108.67,136.47,26.37,1.8,0.2
Alice-Springs,-23.8,133.89,CESM1-CAM5,rcp85,2050,9995.54,107.87,143.87,37.13,3.3,0.27
Alice-Springs,-23.8,133.89,CESM1-CAM5,rcp85,2070,10065.11,105,140.83,38.9,4.17,0.3
Alice-Springs,-23.8,133.89,CESM1-CAM5,rcp85,2090,10516.66,101.83,142.13,45.1,5.6,0.47
Alice-Springs,-23.8,133.89,GFDL-ESM2M,rcp45,2030,11150.53,105.03,154.17,48.33,5.83,0.57
Alice-Springs,-23.8,133.89,GFDL-ESM2M,rcp45,2050,9940.35,111.63,148.4,34.03,3.1,0.27
Alice-Springs,-23.8,133.89,GFDL-ESM2M,rcp45,2070,11636.3,100.13,154.63,56,7.1,0.67
Alice-Springs,-23.8,133.89,GFDL-ESM2M,rcp45,2090,10120.35,109.6,153.97,34.3,2.97,0.27
Alice-Springs,-23.8,133.89,GFDL-ESM2M,rcp85,2030,10374.72,105.93,152.77,38.3,4.03,0.37
Alice-Springs,-23.8,133.89,GFDL-ESM2M,rcp85,2050,11375.44,97.27,150.9,54.03,6.97,0.67
Alice-Springs,-23.8,133.89,GFDL-ESM2M,rcp85,2070,11439.45,97.1,158.7,51.5,6.53,0.63
Alice-Springs,-23.8,133.89,GFDL-ESM2M,rcp85,2090,12753.06,85.87,161.7,68.9,10.3,1.47
Alice-Springs,-23.8,133.89,MIROC5,rcp45,2030,8948.65,110.43,136.27,24.37,1.73,0.2
Alice-Springs,-23.8,133.89,MIROC5,rcp45,2050,8870.68,110.97,132.13,25.33,1.77,0.27
Alice-Springs,-23.8,133.89,MIROC5,rcp45,2070,9029.12,112.3,135.3,26.13,1.9,0.2
Alice-Springs,-23.8,133.89,MIROC5,rcp45,2090,9353.35,109,139.07,29.83,2.23,0.27
Alice-Springs,-23.8,133.89,MIROC5,rcp85,2030,9032.92,109.83,134.1,27.4,1.77,0.27
Alice-Springs,-23.8,133.89,MIROC5,rcp85,2050,9277.6,109.83,137.13,29.4,2.3,0.27
Alice-Springs,-23.8,133.89,MIROC5,rcp85,2070,9102.19,109.63,136.6,27.3,1.93,0.23
Alice-Springs,-23.8,133.89,MIROC5,rcp85,2090,9199.33,109.5,136.93,28.6,2.27,0.2
Alice-Springs,-23.8,133.89,OBS,historical,1995,8885.69,111.63,133.17,22.87,1.4,0.1
Amberley,-27.63,152.71,CESM1-CAM5,rcp45,2030,3065.19,71.4,13.63,1.33,0.13,0
Amberley,-27.63,152.71,CESM1-CAM5,rcp45,2050,3259.09,80.33,15.37,1.6,0.2,0
Amberley,-27.63,152.71,CESM1-CAM5,rcp45,2070,3198.24,78.23,14.93,1.57,0.23,0
Amberley,-27.63,152.71,CESM1-CAM5,rcp45,2090,3371.92,85.13,16.3,1.97,0.27,0
Amberley,-27.63,152.71,CESM1-CAM5,rcp85,2030,3221.8,79.2,14.77,1.6,0.23,0.03
Amberley,-27.63,152.71,CESM1-CAM5,rcp85,2050,3521.53,92.57,17.47,2.17,0.23,0.07
Amberley,-27.63,152.71,CESM1-CAM5,rcp85,2070,3811.26,102.9,20.1,2.83,0.43,0.07
Amberley,-27.63,152.71,CESM1-CAM5,rcp85,2090,3845.35,101.57,22,3.13,0.47,0.1
Amberley,-27.63,152.71,GFDL-ESM2M,rcp45,2030,3743.96,100.53,19.1,2.17,0.3,0.03
Amberley,-27.63,152.71,GFDL-ESM2M,rcp45,2050,3633.09,95.93,18.23,2.13,0.27,0
Amberley,-27.63,152.71,GFDL-ESM2M,rcp45,2070,4152.51,119,22.33,2.93,0.37,0.03
Amberley,-27.63,152.71,GFDL-ESM2M,rcp45,2090,3898.69,106.77,20.57,2.43,0.33,0.03
Amberley,-27.63,152.71,GFDL-ESM2M,rcp85,2030,3888.18,105.5,20.57,2.47,0.4,0.03
Amberley,-27.63,152.71,GFDL-ESM2M,rcp85,2050,4179.69,117.8,23.4,3.3,0.5,0.07
Amberley,-27.63,152.71,GFDL-ESM2M,rcp85,2070,4385.77,122.27,26.43,3.63,0.63,0.13
Amberley,-27.63,152.71,GFDL-ESM2M,rcp85,2090,4755.54,135.7,31.53,4.13,0.87,0.13
Amberley,-27.63,152.71,MIROC5,rcp45,2030,3179.16,77.07,14.27,1.7,0.2,0.03
Amberley,-27.63,152.71,MIROC5,rcp45,2050,3284.25,81.6,15.13,1.6,0.23,0
Amberley,-27.63,152.71,MIROC5,rcp45,2070,3251.5,79.83,14.93,1.7,0.17,0
Amberley,-27.63,152.71,MIROC5,rcp45,2090,3390.88,86.03,16.33,1.77,0.27,0.03
Amberley,-27.63,152.71,MIROC5,rcp85,2030,3472.65,89.73,16.5,2,0.2,0.03
Amberley,-27.63,152.71,MIROC5,rcp85,2050,3572.67,92.7,18.27,2.3,0.27,0.03
Amberley,-27.63,152.71,MIROC5,rcp85,2070,3568.26,92.37,17.87,2.1,0.27,0.03
Amberley,-27.63,152.71,MIROC5,rcp85,2090,3419.24,86.07,16.8,2.07,0.27,0.03
Amberley,-27.63,152.71,OBS,historical,1995,3114,71.53,13.13,1.33,0.1,0
Brisbane-AP,-27.39,153.13,CESM1-CAM5,rcp45,2030,1960.14,20,4.9,0.67,0,0
Brisbane-AP,-27.39,153.13,CESM1-CAM5,rcp45,2050,2100.1,23.47,5.17,0.77,0,0
Brisbane-AP,-27.39,153.13,CESM1-CAM5,rcp45,2070,2048.93,22.1,5.03,0.77,0.03,0
Brisbane-AP,-27.39,153.13,CESM1-CAM5,rcp45,2090,2179.18,25.2,5.7,0.9,0.03,0
Brisbane-AP,-27.39,153.13,CESM1-CAM5,rcp85,2030,2074.93,22.67,4.93,0.73,0.03,0
Brisbane-AP,-27.39,153.13,CESM1-CAM5,rcp85,2050,2299.65,28.9,5.83,0.87,0.07,0
Brisbane-AP,-27.39,153.13,CESM1-CAM5,rcp85,2070,2529.22,36.3,7.7,1.03,0.23,0
Brisbane-AP,-27.39,153.13,CESM1-CAM5,rcp85,2090,2539.75,37.77,7.7,1.4,0.2,0
Brisbane-AP,-27.39,153.13,GFDL-ESM2M,rcp45,2030,2523.96,33.73,6.87,1,0.03,0
Brisbane-AP,-27.39,153.13,GFDL-ESM2M,rcp45,2050,2428.89,31.63,6.7,0.9,0,0
Brisbane-AP,-27.39,153.13,GFDL-ESM2M,rcp45,2070,2823.34,44.7,8.27,1.13,0.13,0
Brisbane-AP,-27.39,153.13,GFDL-ESM2M,rcp45,2090,2636.39,36.73,7.67,1.03,0.13,0
Brisbane-AP,-27.39,153.13,GFDL-ESM2M,rcp85,2030,2636.43,37.33,7.7,1.17,0.1,0
Brisbane-AP,-27.39,153.13,GFDL-ESM2M,rcp85,2050,2834.92,45.63,8.53,1.37,0.17,0
Brisbane-AP,-27.39,153.13,GFDL-ESM2M,rcp85,2070,3021.26,52.73,10.3,1.53,0.3,0
Brisbane-AP,-27.39,153.13,GFDL-ESM2M,rcp85,2090,3327.87,70.27,12.1,1.73,0.27,0.03
Brisbane-AP,-27.39,153.13,MIROC5,rcp45,2030,2032.62,22,4.93,0.67,0.07,0
Brisbane-AP,-27.39,153.13,MIROC5,rcp45,2050,2119.25,24.4,5.3,0.7,0.03,0
Brisbane-AP,-27.39,153.13,MIROC5,rcp45,2070,2089.2,22.97,5.2,0.7,0.03,0
Brisbane-AP,-27.39,153.13,MIROC5,rcp45,2090,2190.91,24.87,5.6,0.7,0.07,0
Brisbane-AP,-27.39,153.13,MIROC5,rcp85,2030,2262.98,27.47,5.47,0.8,0.07,0
Brisbane-AP,-27.39,153.13,MIROC5,rcp85,2050,2341.17,30.83,5.93,0.97,0.13,0
Brisbane-AP,-27.39,153.13,MIROC5,rcp85,2070,2332.37,29.47,6.4,0.83,0.07,0
Brisbane-AP,-27.39,153.13,MIROC5,rcp85,2090,2207.92,26.97,5.97,0.83,0.07,0
Brisbane-AP,-27.39,153.13,OBS,historical,1995,2016.82,20.03,4.7,0.6,0,0
Broome,-17.95,122.23,CESM1-CAM5,rcp45,2030,4220.78,78.7,46.77,1.53,0,0
Broome,-17.95,122.23,CESM1-CAM5,rcp45,2050,4373.73,80.17,48.4,1.9,0,0
Broome,-17.95,122.23,CESM1-CAM5,rcp45,2070,4467.99,79.1,52.3,1.97,0,0
Broome,-17.95,122.23,CESM1-CAM5,rcp45,2090,4443.31,79.33,50.83,2.23,0,0
Broome,-17.95,122.23,CESM1-CAM5,rcp85,2030,4323.12,79.33,48.2,1.73,0,0
Broome,-17.95,122.23,CESM1-CAM5,rcp85,2050,4688.46,82.4,56.1,2.5,0,0
Broome,-17.95,122.23,CESM1-CAM5,rcp85,2070,4712.3,78.8,57.27,3.17,0,0
Broome,-17.95,122.23,CESM1-CAM5,rcp85,2090,4915.46,78.37,61.87,4.17,0.03,0
Broome,-17.95,122.23,GFDL-ESM2M,rcp45,2030,5107.3,89.07,66.3,2.4,0.03,0
Broome,-17.95,122.23,GFDL-ESM2M,rcp45,2050,4926.95,82.87,64.53,2.23,0.03,0
Broome,-17.95,122.23,GFDL-ESM2M,rcp45,2070,5205.06,86.13,69.73,2.7,0.03,0
Broome,-17.95,122.23,GFDL-ESM2M,rcp45,2090,4927.45,78.67,67.27,2.43,0.03,0
Broome,-17.95,122.23,GFDL-ESM2M,rcp85,2030,4843.8,82.7,61.67,2.1,0.03,0
Broome,-17.95,122.23,GFDL-ESM2M,rcp85,2050,5091.14,87.77,65.3,2.73,0.03,0
Broome,-17.95,122.23,GFDL-ESM2M,rcp85,2070,5291.79,79.57,75.53,3.53,0.03,0
Broome,-17.95,122.23,GFDL-ESM2M,rcp85,2090,5704.32,84.9,80.93,5.83,0.07,0
Broome,-17.95,122.23,MIROC5,rcp45,2030,4422.29,79.13,50.67,2,0,0
Broome,-17.95,122.23,MIROC5,rcp45,2050,4428.46,78.93,50.97,2.13,0,0
Broome,-17.95,122.23,MIROC5,rcp45,2070,4514.48,77,55.13,2.1,0,0
Broome,-17.95,122.23,MIROC5,rcp45,2090,4594.48,78.33,55.77,2.57,0,0
Broome,-17.95,122.23,MIROC5,rcp85,2030,4364.37,79.43,49.13,1.97,0,0
Broome,-17.95,122.23,MIROC5,rcp85,2050,4579.96,80.5,53.87,2.53,0,0
Broome,-17.95,122.23,MIROC5,rcp85,2070,4593.09,76.53,56.4,2.57,0,0
Broome,-17.95,122.23,MIROC5,rcp85,2090,4632.93,74.63,58.33,2.97,0.03,0
Broome,-17.95,122.23,OBS,historical,1995,4352.56,82.27,45.9,1.47,0,0
Cairns,-16.87,145.75,CESM1-CAM5,rcp45,2030,1734.86,24,1.1,0,0,0
Cairns,-16.87,145.75,CESM1-CAM5,rcp45,2050,1790.48,26.43,1.17,0,0,0
Cairns,-16.87,145.75,CESM1-CAM5,rcp45,2070,1723.55,24.1,1.13,0,0,0
Cairns,-16.87,145.75,CESM1-CAM5,rcp45,2090,1757.45,25.7,1.13,0,0,0
Cairns,-16.87,145.75,CESM1-CAM5,rcp85,2030,1732.23,24.6,1.13,0,0,0
Cairns,-16.87,145.75,CESM1-CAM5,rcp85,2050,1894.4,30.53,1.27,0.03,0,0
Cairns,-16.87,145.75,CESM1-CAM5,rcp85,2070,1876.66,31.87,1.3,0.03,0,0
Cairns,-16.87,145.75,CESM1-CAM5,rcp85,2090,1906.25,33.27,1.5,0.03,0,0
Cairns,-16.87,145.75,GFDL-ESM2M,rcp45,2030,1900.55,29.27,1.13,0,0,0
Cairns,-16.87,145.75,GFDL-ESM2M,rcp45,2050,1900.88,29.53,1.17,0,0,0
Cairns,-16.87,145.75,GFDL-ESM2M,rcp45,2070,2108.65,35.97,1.4,0,0,0
Cairns,-16.87,145.75,GFDL-ESM2M,rcp45,2090,1836.03,27.63,1.17,0.03,0,0
Cairns,-16.87,145.75,GFDL-ESM2M,rcp85,2030,1948.38,31.2,1.23,0,0,0
Cairns,-16.87,145.75,GFDL-ESM2M,rcp85,2050,2044.56,34.6,1.37,0,0,0
Cairns,-16.87,145.75,GFDL-ESM2M,rcp85,2070,1890.78,32.43,1.4,0.03,0,0
Cairns,-16.87,145.75,GFDL-ESM2M,rcp85,2090,2053.95,38.03,1.73,0.03,0,0
Cairns,-16.87,145.75,MIROC5,rcp45,2030,1805.35,26.73,1.07,0.03,0,0
Cairns,-16.87,145.75,MIROC5,rcp45,2050,1773.64,26,1.1,0.03,0,0
Cairns,-16.87,145.75,MIROC5,rcp45,2070,1806,27.2,1.13,0.03,0,0
Cairns,-16.87,145.75,MIROC5,rcp45,2090,1912.95,31.37,1.27,0.03,0,0
Cairns,-16.87,145.75,MIROC5,rcp85,2030,1858.19,28.8,1.1,0.03,0,0
Cairns,-16.87,145.75,MIROC5,rcp85,2050,1889.11,30.6,1.37,0.03,0,0
Cairns,-16.87,145.75,MIROC5,rcp85,2070,1928.18,32.03,1.37,0.03,0,0
Cairns,-16.87,145.75,MIROC5,rcp85,2090,1926.55,32.8,1.57,0.03,0,0
Cairns,-16.87,145.75,OBS,historical,1995,1745.16,22.43,1,0,0,0
Canberra,-35.3,149.2,CESM1-CAM5,rcp45,2030,2704.06,45.77,18.5,1.9,0.2,0.03
Canberra,-35.3,149.2,CESM1-CAM5,rcp45,2050,2947.78,51.4,21.23,2.17,0.17,0.1
Canberra,-35.3,149.2,CESM1-CAM5,rcp45,2070,3008.64,51.87,21.97,2.27,0.17,0.1
Canberra,-35.3,149.2,CESM1-CAM5,rcp45,2090,3138.18,54,23.7,2.57,0.33,0.1
Canberra,-35.3,149.2,CESM1-CAM5,rcp85,2030,2859.74,49.53,19.93,2.13,0.2,0.03
Canberra,-35.3,149.2,CESM1-CAM5,rcp85,2050,3081.01,53.03,22.93,2.33,0.23,0.1
Canberra,-35.3,149.2,CESM1-CAM5,rcp85,2070,3331.35,57.77,25.43,3.13,0.4,0.1
Canberra,-35.3,149.2,CESM1-CAM5,rcp85,2090,3804.3,65.03,30.8,4.87,0.6,0.23
Canberra,-35.3,149.2,GFDL-ESM2M,rcp45,2030,3433.41,63.5,25,2.83,0.33,0.1
Canberra,-35.3,149.2,GFDL-ESM2M,rcp45,2050,2993.3,50.47,21.17,2.23,0.23,0.1
Canberra,-35.3,149.2,GFDL-ESM2M,rcp45,2070,3790.16,72.3,29.43,3.53,0.47,0.1
Canberra,-35.3,149.2,GFDL-ESM2M,rcp45,2090,3229.22,59.4,22.67,2.3,0.27,0.1
Canberra,-35.3,149.2,GFDL-ESM2M,rcp85,2030,3025.61,53.57,19.63,2,0.23,0.07
Canberra,-35.3,149.2,GFDL-ESM2M,rcp85,2050,3393.49,61.77,25.37,2.77,0.4,0.1
Canberra,-35.3,149.2,GFDL-ESM2M,rcp85,2070,3704.32,70.17,27.67,3.33,0.47,0.1
Canberra,-35.3,149.2,GFDL-ESM2M,rcp85,2090,4595.75,87.3,40.03,5.87,1.03,0.23
Canberra,-35.3,149.2,MIROC5,rcp45,2030,2737.64,48.53,18.5,1.7,0.17,0.07
Canberra,-35.3,149.2,MIROC5,rcp45,2050,2754.37,48.67,18.83,1.77,0.13,0.07
Canberra,-35.3,149.2,MIROC5,rcp45,2070,2740.45,47.77,19.23,1.87,0.23,0.03
Canberra,-35.3,149.2,MIROC5,rcp45,2090,2963.92,52.63,21.77,2.17,0.2,0.1
Canberra,-35.3,149.2,MIROC5,rcp85,2030,2748.67,47.5,18.73,1.73,0.17,0.07
Canberra,-35.3,149.2,MIROC5,rcp85,2050,2784.63,47.9,19.4,1.9,0.2,0.07
Canberra,-35.3,149.2,MIROC5,rcp85,2070,2852.81,49.6,20.43,2.03,0.2,0.1
Canberra,-35.3,149.2,MIROC5,rcp85,2090,2796.62,47.93,20.3,2.07,0.23,0.1
Canberra,-35.3,149.2,OBS,historical,1995,2634.83,45.37,16.07,1.43,0.2,0
Carnarvon,-24.89,113.67,CESM1-CAM5,rcp45,2030,3731.3,85.53,15.2,0.77,0.13,0
Carnarvon,-24.89,113.67,CESM1-CAM5,rcp45,2050,4211.59,108.37,20.67,1.27,0.13,0
Carnarvon,-24.89,113.67,CESM1-CAM5,rcp45,2070,4344.27,110.83,23,1.4,0.17,0
Carnarvon,-24.89,113.67,CESM1-CAM5,rcp45,2090,4380.61,113.37,24.3,1.5,0.17,0
Carnarvon,-24.89,113.67,CESM1-CAM5,rcp85,2030,3839.67,91.03,16.1,0.87,0.13,0
Carnarvon,-24.89,113.67,CESM1-CAM5,rcp85,2050,4734.72,131.4,28.93,1.73,0.17,0.03
Carnarvon,-24.89,113.67,CESM1-CAM5,rcp85,2070,4465.06,118.67,25.73,1.7,0.17,0.03
Carnarvon,-24.89,113.67,CESM1-CAM5,rcp85,2090,4846.12,136.63,32.2,2.17,0.2,0.07
Carnarvon,-24.89,113.67,GFDL-ESM2M,rcp45,2030,5843.34,188.73,49.1,2.8,0.33,0.07
Carnarvon,-24.89,113.67,GFDL-ESM2M,rcp45,2050,4641.11,132.4,27.5,1.33,0.13,0
Carnarvon,-24.89,113.67,GFDL-ESM2M,rcp45,2070,5603.94,181.43,43.43,2.33,0.13,0.03
Carnarvon,-24.89,113.67,GFDL-ESM2M,rcp45,2090,4671.55,130.47,28.6,1.43,0.13,0
Carnarvon,-24.89,113.67,GFDL-ESM2M,rcp85,2030,4760.88,140.3,28.1,1.57,0.1,0.03
Carnarvon,-24.89,113.67,GFDL-ESM2M,rcp85,2050,5494.01,177.63,41.87,2.17,0.17,0.07
Carnarvon,-24.89,113.67,GFDL-ESM2M,rcp85,2070,5303.81,166.1,38.03,2.3,0.17,0.07
Carnarvon,-24.89,113.67,GFDL-ESM2M,rcp85,2090,6420.89,204.43,61.17,3.73,0.4,0.1
Carnarvon,-24.89,113.67,MIROC5,rcp45,2030,3716.39,85.33,14.6,0.77,0.13,0
Carnarvon,-24.89,113.67,MIROC5,rcp45,2050,3660.9,82.67,14.47,0.77,0.13,0
Carnarvon,-24.89,113.67,MIROC5,rcp45,2070,3575.01,79.7,13.6,0.73,0.13,0
Carnarvon,-24.89,113.67,MIROC5,rcp45,2090,3774.58,88.1,15.5,0.97,0.13,0
Carnarvon,-24.89,113.67,MIROC5,rcp85,2030,3700.06,84.07,14.7,0.77,0.13,0
Carnarvon,-24.89,113.67,MIROC5,rcp85,2050,3854.87,90.4,16.67,0.83,0.13,0
Carnarvon,-24.89,113.67,MIROC5,rcp85,2070,3824.67,88.57,17.27,1.03,0.17,0
Carnarvon,-24.89,113.67,MIROC5,rcp85,2090,3623.83,81.07,14.57,0.9,0.13,0
Carnarvon,-24.89,113.67,OBS,historical,1995,3583.31,79.5,12.43,0.6,0.13,0
Ceduna,-32.13,133.7,CESM1-CAM5,rcp45,2030,4932.2,71.47,37.97,11.13,3.03,0.8
Ceduna,-32.13,133.7,CESM1-CAM5,rcp45,2050,5173.54,76.5,39.17,11.97,3.63,0.9
Ceduna,-32.13,133.7,CESM1-CAM5,rcp45,2070,5238.17,77.13,39.13,12.67,3.57,1.1
Ceduna,-32.13,133.7,CESM1-CAM5,rcp45,2090,5370.79,79.57,39.57,13.03,3.87,1.23
Ceduna,-32.13,133.7,CESM1-CAM5,rcp85,2030,4986.74,71.57,38.27,11.63,3.1,0.77
Ceduna,-32.13,133.7,CESM1-CAM5,rcp85,2050,5366.58,81.5,39.93,12.97,3.57,1.2
Ceduna,-32.13,133.7,CESM1-CAM5,rcp85,2070,5554.28,85.57,40.47,13.4,4.47,1.43
Ceduna,-32.13,133.7,CESM1-CAM5,rcp85,2090,5917.5,93.87,42.9,14.57,5.1,1.93
Ceduna,-32.13,133.7,GFDL-ESM2M,rcp45,2030,5963.9,103.47,44.6,13.97,4.4,1.47
Ceduna,-32.13,133.7,GFDL-ESM2M,rcp45,2050,5494.47,86.1,41.43,12.7,3.87,1.27
Ceduna,-32.13,133.7,GFDL-ESM2M,rcp45,2070,5923.71,99.9,44.1,14.1,4.53,1.53
Ceduna,-32.13,133.7,GFDL-ESM2M,rcp45,2090,5441.8,81.57,41.33,13.1,3.6,1.13
Ceduna,-32.13,133.7,GFDL-ESM2M,rcp85,2030,5452.14,84.37,41.27,13.03,3.37,1.13
Ceduna,-32.13,133.7,GFDL-ESM2M,rcp85,2050,5755.29,93.9,42.8,13.57,4.37,1.47
Ceduna,-32.13,133.7,GFDL-ESM2M,rcp85,2070,5914.33,96.17,43.5,13.93,4.7,1.73
Ceduna,-32.13,133.7,GFDL-ESM2M,rcp85,2090,6453.48,112.7,47.07,15.63,5.27,2.43
Ceduna,-32.13,133.7,MIROC5,rcp45,2030,4926,70.07,37.93,11.87,2.8,0.73
Ceduna,-32.13,133.7,MIROC5,rcp45,2050,4880.19,68.63,37.73,11.67,2.7,0.7
Ceduna,-32.13,133.7,MIROC5,rcp45,2070,4934.73,69.87,37.77,11.87,2.9,0.77
Ceduna,-32.13,133.7,MIROC5,rcp45,2090,5042.46,71.9,38.73,12.4,2.97,0.8
Ceduna,-32.13,133.7,MIROC5,rcp85,2030,4827.16,68.1,37.33,11.4,2.63,0.67
Ceduna,-32.13,133.7,MIROC5,rcp85,2050,4990.04,71.77,37.97,12.13,3,0.77
Ceduna,-32.13,133.7,MIROC5,rcp85,2070,4934.41,69.13,37.9,12.03,2.87,0.73
Ceduna,-32.13,133.7,MIROC5,rcp85,2090,4938.36,68.4,37.47,12.13,3.27,0.73
Ceduna,-32.13,133.7,OBS,historical,1995,4848.72,67.63,36.77,11.07,2.63,0.67
Charleville,-26.42,146.25,CESM1-CAM5,rcp45,2030,6404.71,132.7,84.57,8.03,0.23,0
Charleville,-26.42,146.25,CESM1-CAM5,rcp45,2050,6877.98,127.1,95.7,10.77,0.57,0
Charleville,-26.42,146.25,CESM1-CAM5,rcp45,2070,6779.33,128.43,94.77,9.57,0.43,0
Charleville,-26.42,146.25,CESM1-CAM5,rcp45,2090,6993.74,126.23,100.17,10.83,0.6,0
Charleville,-26.42,146.25,CESM1-CAM5,rcp85,2030,6544.98,127.73,90.2,8.13,0.4,0
Charleville,-26.42,146.25,CESM1-CAM5,rcp85,2050,7465.36,128.93,109.43,12.43,0.83,0
Charleville,-26.42,146.25,CESM1-CAM5,rcp85,2070,7399.17,124.1,108.07,13.13,0.83,0.03
Charleville,-26.42,146.25,CESM1-CAM5,rcp85,2090,7788.8,122.57,114.3,16.17,1.23,0.07
Charleville,-26.42,146.25,GFDL-ESM2M,rcp45,2030,8661.58,128.9,135.17,18.17,1.33,0.17
Charleville,-26.42,146.25,GFDL-ESM2M,rcp45,2050,7501.4,137.4,108.6,12.27,0.83,0
Charleville,-26.42,146.25,GFDL-ESM2M,rcp45,2070,9126.48,123.43,142.93,22.4,1.8,0.17
Charleville,-26.42,146.25,GFDL-ESM2M,rcp45,2090,7682.47,133.37,116.87,12.13,0.53,0.07
Charleville,-26.42,146.25,GFDL-ESM2M,rcp85,2030,7894,130.73,122.87,13.23,0.77,0.07
Charleville,-26.42,146.25,GFDL-ESM2M,rcp85,2050,8823.53,119.17,136.9,21.17,1.9,0.17
Charleville,-26.42,146.25,GFDL-ESM2M,rcp85,2070,8870.88,121.77,142.37,19.23,1.8,0.17
Charleville,-26.42,146.25,GFDL-ESM2M,rcp85,2090,10112.63,109.7,161.2,30.17,3.3,0.3
Charleville,-26.42,146.25,MIROC5,rcp45,2030,6499.33,130.7,88.87,7.67,0.3,0
Charleville,-26.42,146.25,MIROC5,rcp45,2050,6400.76,129.53,84.93,8.17,0.33,0
Charleville,-26.42,146.25,MIROC5,rcp45,2070,6524.42,132,88.1,8.3,0.3,0
Charleville,-26.42,146.25,MIROC5,rcp45,2090,6822.85,129.5,95.87,9.5,0.47,0
Charleville,-26.42,146.25,MIROC5,rcp85,2030,6532.95,129.07,88.8,8.63,0.33,0
Charleville,-26.42,146.25,MIROC5,rcp85,2050,6772.58,129.33,93.5,9.73,0.47,0
Charleville,-26.42,146.25,MIROC5,rcp85,2070,6556.09,129.03,90,8.5,0.37,0
Charleville,-26.42,146.25,MIROC5,rcp85,2090,6626.99,128.5,91.57,9.13,0.4,0
Charleville,-26.42,146.25,OBS,historical,1995,6416.14,129.5,84.93,7.07,0.2,0
Cobar,-31.49,145.83,CESM1-CAM5,rcp45,2030,5145.28,105.67,55.97,5.4,0.57,0.1
Cobar,-31.49,145.83,CESM1-CAM5,rcp45,2050,5694.18,110.63,66.67,7.5,0.9,0.13
Cobar,-31.49,145.83,CESM1-CAM5,rcp45,2070,5828.52,112.07,69.2,8.07,1.03,0.13
Cobar,-31.49,145.83,CESM1-CAM5,rcp45,2090,5921.39,112.43,71.6,8.5,0.97,0.13
Cobar,-31.49,145.83,CESM1-CAM5,rcp85,2030,5288.46,107.63,59.3,5.83,0.63,0.1
Cobar,-31.49,145.83,CESM1-CAM5,rcp85,2050,6207.72,117.2,76.3,9.37,0.97,0.2
Cobar,-31.49,145.83,CESM1-CAM5,rcp85,2070,6083.5,108.63,74.37,10.27,1.17,0.17
Cobar,-31.49,145.83,CESM1-CAM5,rcp85,2090,6473.63,115.1,80.07,12.07,1.5,0.2
Cobar,-31.49,145.83,GFDL-ESM2M,rcp45,2030,7072.96,120.87,94.5,12.33,1.27,0.23
Cobar,-31.49,145.83,GFDL-ESM2M,rcp45,2050,6048.31,119.2,71.37,8.87,0.9,0.13
Cobar,-31.49,145.83,GFDL-ESM2M,rcp45,2070,6976.64,119.27,90.1,13.4,1.3,0.27
Cobar,-31.49,145.83,GFDL-ESM2M,rcp45,2090,6112.42,121.1,73.53,8.63,0.9,0.13
Cobar,-31.49,145.83,GFDL-ESM2M,rcp85,2030,6121.52,120.8,73.7,8.63,0.97,0.17
Cobar,-31.49,145.83,GFDL-ESM2M,rcp85,2050,6884.06,117.63,89.73,12.7,1.5,0.27
Cobar,-31.49,145.83,GFDL-ESM2M,rcp85,2070,6790.91,120.9,85.63,12.33,1.43,0.27
Cobar,-31.49,145.83,GFDL-ESM2M,rcp85,2090,7760.46,122.5,105.07,16.5,2.2,0.5
Cobar,-31.49,145.83,MIROC5,rcp45,2030,5208.15,106.2,58.93,5.37,0.57,0.1
Cobar,-31.49,145.83,MIROC5,rcp45,2050,5186.8,104.97,58.67,5.3,0.57,0.1
Cobar,-31.49,145.83,MIROC5,rcp45,2070,5091.15,104.13,56.4,5.23,0.53,0.1
Cobar,-31.49,145.83,MIROC5,rcp45,2090,5333.96,104.5,61.63,6.67,0.63,0.1
Cobar,-31.49,145.83,MIROC5,rcp85,2030,5181.2,106.1,57.6,5.37,0.6,0.1
Cobar,-31.49,145.83,MIROC5,rcp85,2050,5388.42,106.27,62.23,6.63,0.67,0.1
Cobar,-31.49,145.83,MIROC5,rcp85,2070,5414.95,105.53,63.63,6.73,0.7,0.1
Cobar,-31.49,145.83,MIROC5,rcp85,2090,5275.23,103.53,59.7,6.97,0.73,0.1
Cobar,-31.49,145.83,OBS,historical,1995,5072.79,105.4,53.27,4.6,0.4,0.1
Coffs-Harbour,-30.31,153.12,CESM1-CAM5,rcp45,2030,1312.32,9.5,1.37,0.13,0.07,0
Coffs-Harbour,-30.31,153.12,CESM1-CAM5,rcp45,2050,1363.27,10.43,1.7,0.17,0.03,0.03
Coffs-Harbour,-30.31,153.12,CESM1-CAM5,rcp45,2070,1375.13,11.07,1.57,0.13,0.07,0.03
Coffs-Harbour,-30.31,153.12,CESM1-CAM5,rcp45,2090,1486.15,12.5,2.2,0.13,0.07,0.03
Coffs-Harbour,-30.31,153.12,CESM1-CAM5,rcp85,2030,1409.52,11.17,1.77,0.13,0.07,0.03
Coffs-Harbour,-30.31,153.12,CESM1-CAM5,rcp85,2050,1451.86,12.43,1.87,0.13,0.1,0.03
Coffs-Harbour,-30.31,153.12,CESM1-CAM5,rcp85,2070,1575.71,16.43,2.1,0.2,0.13,0.03
Coffs-Harbour,-30.31,153.12,CESM1-CAM5,rcp85,2090,1816.85,23.43,2.8,0.23,0.17,0.03
Coffs-Harbour,-30.31,153.12,GFDL-ESM2M,rcp45,2030,1467.66,11.9,1.9,0.13,0.1,0
Coffs-Harbour,-30.31,153.12,GFDL-ESM2M,rcp45,2050,1451.51,11.93,2.07,0.13,0.1,0
Coffs-Harbour,-30.31,153.12,GFDL-ESM2M,rcp45,2070,1640.23,16.3,1.97,0.23,0.1,0.03
Coffs-Harbour,-30.31,153.12,GFDL-ESM2M,rcp45,2090,1607.19,16.3,2.03,0.17,0.17,0
Coffs-Harbour,-30.31,153.12,GFDL-ESM2M,rcp85,2030,1551.53,14.37,2.1,0.17,0.1,0.03
Coffs-Harbour,-30.31,153.12,GFDL-ESM2M,rcp85,2050,1688.04,18.4,2.23,0.2,0.13,0.03
Coffs-Harbour,-30.31,153.12,GFDL-ESM2M,rcp85,2070,1709.27,19.13,2.3,0.23,0.13,0.03
Coffs-Harbour,-30.31,153.12,GFDL-ESM2M,rcp85,2090,2058.43,32.6,3.83,0.4,0.03,0.13
Coffs-Harbour,-30.31,153.12,MIROC5,rcp45,2030,1283.89,9.47,1.73,0.13,0.07,0
Coffs-Harbour,-30.31,153.12,MIROC5,rcp45,2050,1365.37,10.47,1.93,0.17,0.07,0
Coffs-Harbour,-30.31,153.12,MIROC5,rcp45,2070,1273.29,9.33,1.63,0.13,0.07,0
Coffs-Harbour,-30.31,153.12,MIROC5,rcp45,2090,1340.01,9.87,1.8,0.17,0.07,0
Coffs-Harbour,-30.31,153.12,MIROC5,rcp85,2030,1390.29,10.97,1.87,0.17,0.07,0
Coffs-Harbour,-30.31,153.12,MIROC5,rcp85,2050,1387.49,11.17,1.87,0.17,0.07,0
Coffs-Harbour,-30.31,153.12,MIROC5,rcp85,2070,1330.6,10.27,1.63,0.13,0.07,0
Coffs-Harbour,-30.31,153.12,MIROC5,rcp85,2090,1359.28,10.83,2,0.13,0.07,0
Coffs-Harbour,-30.31,153.12,OBS,historical,1995,1288.29,8.17,1.4,0.13,0.07,0
Darwin,-12.42,130.89,CESM1-CAM5,rcp45,2030,3048.98,83.57,18.13,0.37,0,0
Darwin,-12.42,130.89,CESM1-CAM5,rcp45,2050,3166.78,87.5,19.77,0.43,0,0
Darwin,-12.42,130.89,CESM1-CAM5,rcp45,2070,3218.8,86.53,22.7,0.43,0,0
Darwin,-12.42,130.89,CESM1-CAM5,rcp45,2090,3202.36,87.37,21.57,0.43,0,0
Darwin,-12.42,130.89,CESM1-CAM5,rcp85,2030,3128.15,85.03,19.93,0.4,0,0
Darwin,-12.42,130.89,CESM1-CAM5,rcp85,2050,3459.11,96.13,25.87,0.47,0,0
Darwin,-12.42,130.89,CESM1-CAM5,rcp85,2070,3405.91,91.37,27.2,0.63,0,0
Darwin,-12.42,130.89,CESM1-CAM5,rcp85,2090,3568.79,95.23,31.17,0.93,0,0
Darwin,-12.42,130.89,GFDL-ESM2M,rcp45,2030,3910.66,105.07,36.97,0.57,0,0
Darwin,-12.42,130.89,GFDL-ESM2M,rcp45,2050,3762.76,101.8,34.67,0.53,0,0
Darwin,-12.42,130.89,GFDL-ESM2M,rcp45,2070,3990.75,107.1,39.77,0.63,0,0
Darwin,-12.42,130.89,GFDL-ESM2M,rcp45,2090,3727.03,97,37.37,0.63,0,0
Darwin,-12.42,130.89,GFDL-ESM2M,rcp85,2030,3623.21,98.93,31.83,0.47,0,0
Darwin,-12.42,130.89,GFDL-ESM2M,rcp85,2050,3800.55,104.43,34.13,0.53,0,0
Darwin,-12.42,130.89,GFDL-ESM2M,rcp85,2070,4054.67,103.4,45.27,0.77,0,0
Darwin,-12.42,130.89,GFDL-ESM2M,rcp85,2090,4407.97,109,53.93,1.1,0,0
Darwin,-12.42,130.89,MIROC5,rcp45,2030,3220.2,87.33,22.77,0.47,0,0
Darwin,-12.42,130.89,MIROC5,rcp45,2050,3224.49,87.6,22.9,0.5,0,0
Darwin,-12.42,130.89,MIROC5,rcp45,2070,3293.69,87.07,25.53,0.5,0,0
Darwin,-12.42,130.89,MIROC5,rcp45,2090,3365.4,91.37,25.97,0.57,0,0
Darwin,-12.42,130.89,MIROC5,rcp85,2030,3160.97,86.67,21.27,0.47,0,0
Darwin,-12.42,130.89,MIROC5,rcp85,2050,3356.32,92.23,25.4,0.57,0,0
Darwin,-12.42,130.89,MIROC5,rcp85,2070,3332.32,88.7,25.53,0.57,0,0
Darwin,-12.42,130.89,MIROC5,rcp85,2090,3350.95,87.13,27.9,0.63,0,0
Darwin,-12.42,130.89,OBS,historical,1995,3186.54,86.87,18.97,0.37,0,0
Dubbo,-32.22,148.58,CESM1-CAM5,rcp45,2030,3539.88,82.73,25.93,2.2,0.27,0
Dubbo,-32.22,148.58,CESM1-CAM5,rcp45,2050,3777.57,85.73,30.83,2.77,0.23,0.1
Dubbo,-32.22,148.58,CESM1-CAM5,rcp45,2070,3868.73,86.37,33.5,3.13,0.27,0.1
Dubbo,-32.22,148.58,CESM1-CAM5,rcp45,2090,4042.33,90.07,34.97,3.73,0.4,0.1
Dubbo,-32.22,148.58,CESM1-CAM5,rcp85,2030,3830.98,86.23,32.47,3.07,0.3,0.1
Dubbo,-32.22,148.58,CESM1-CAM5,rcp85,2050,3938.88,88.1,33.27,3.57,0.4,0.13
Dubbo,-32.22,148.58,CESM1-CAM5,rcp85,2070,4222.39,90.53,37.53,4.53,0.6,0.17
Dubbo,-32.22,148.58,CESM1-CAM5,rcp85,2090,4809.95,94.57,48.23,6.5,0.97,0.2
Dubbo,-32.22,148.58,GFDL-ESM2M,rcp45,2030,4305.61,96.77,36.97,3.87,0.37,0.13
Dubbo,-32.22,148.58,GFDL-ESM2M,rcp45,2050,4192.6,93.37,35.7,3.83,0.37,0.1
Dubbo,-32.22,148.58,GFDL-ESM2M,rcp45,2070,5076.06,109.87,51.73,5.73,0.6,0.17
Dubbo,-32.22,148.58,GFDL-ESM2M,rcp45,2090,4694.47,106.3,44.2,4.77,0.47,0.17
Dubbo,-32.22,148.58,GFDL-ESM2M,rcp85,2030,4506.59,98.33,41.53,4.53,0.47,0.13
Dubbo,-32.22,148.58,GFDL-ESM2M,rcp85,2050,5139.39,106.03,52.27,6.77,1.03,0.2
Dubbo,-32.22,148.58,GFDL-ESM2M,rcp85,2070,5270.39,110.47,54,6.43,1.27,0.3
Dubbo,-32.22,148.58,GFDL-ESM2M,rcp85,2090,6281.38,121.7,70.77,10.13,2.03,0.7
Dubbo,-32.22,148.58,MIROC5,rcp45,2030,3475.12,80.07,25.83,2.2,0.3,0.03
Dubbo,-32.22,148.58,MIROC5,rcp45,2050,3682.53,84.07,29.27,2.63,0.43,0.1
Dubbo,-32.22,148.58,MIROC5,rcp45,2070,3476.79,79.83,26.03,2.2,0.27,0.07
Dubbo,-32.22,148.58,MIROC5,rcp45,2090,3757.32,85.67,30.5,2.93,0.3,0.1
Dubbo,-32.22,148.58,MIROC5,rcp85,2030,3739.6,84.3,30.03,2.73,0.4,0.13
Dubbo,-32.22,148.58,MIROC5,rcp85,2050,3766.44,84.83,30.03,2.93,0.37,0.13
Dubbo,-32.22,148.58,MIROC5,rcp85,2070,3691.08,84.23,28.97,2.77,0.33,0.07
Dubbo,-32.22,148.58,MIROC5,rcp85,2090,3634.02,81.83,28.4,3.03,0.33,0.1
Dubbo,-32.22,148.58,OBS,historical,1995,3467.07,80.33,24.83,2.03,0.23,0
Esperance,-33.83,121.89,CESM1-CAM5,rcp45,2030,2106.75,23.1,7.6,1.57,0.2,0.07
Esperance,-33.83,121.89,CESM1-CAM5,rcp45,2050,2290.17,27.13,8.07,1.9,0.27,0.1
Esperance,-33.83,121.89,CESM1-CAM5,rcp45,2070,2504.75,33.33,9.23,2.1,0.43,0.1
Esperance,-33.83,121.89,CESM1-CAM5,rcp45,2090,2515.94,33.1,9.1,2.3,0.5,0.1
Esperance,-33.83,121.89,CESM1-CAM5,rcp85,2030,2232.7,25.7,7.97,1.8,0.3,0.1
Esperance,-33.83,121.89,CESM1-CAM5,rcp85,2050,2762.13,42.37,9.8,2.23,0.7,0.13
Esperance,-33.83,121.89,CESM1-CAM5,rcp85,2070,2762.13,42.37,9.8,2.23,0.7,0.13
Esperance,-33.83,121.89,CESM1-CAM5,rcp85,2090,2932.1,45.07,10.7,2.87,0.77,0.3
Esperance,-33.83,121.89,GFDL-ESM2M,rcp45,2030,2847.41,44.43,10.03,2.3,0.5,0.1
Esperance,-33.83,121.89,GFDL-ESM2M,rcp45,2050,2554.77,31.4,8.97,1.83,0.37,0.1
Esperance,-33.83,121.89,GFDL-ESM2M,rcp45,2070,2905.27,43.8,10.23,2.37,0.57,0.17
Esperance,-33.83,121.89,GFDL-ESM2M,rcp45,2090,2603.41,32.4,9.07,2.07,0.43,0.1
Esperance,-33.83,121.89,GFDL-ESM2M,rcp85,2030,2454.52,29.5,8.73,1.83,0.3,0.07
Esperance,-33.83,121.89,GFDL-ESM2M,rcp85,2050,2986.91,46.93,10.4,2.6,0.6,0.17
Esperance,-33.83,121.89,GFDL-ESM2M,rcp85,2070,2986.91,46.93,10.4,2.6,0.6,0.17
Esperance,-33.83,121.89,GFDL-ESM2M,rcp85,2090,3650.38,69.87,14.1,3.7,0.77,0.33
Esperance,-33.83,121.89,MIROC5,rcp45,2030,2188.31,24.5,7.7,1.73,0.2,0.07
Esperance,-33.83,121.89,MIROC5,rcp45,2050,2224.69,25.83,7.73,1.93,0.23,0.1
Esperance,-33.83,121.89,MIROC5,rcp45,2070,2241.88,25.87,8,1.93,0.27,0.07
Esperance,-33.83,121.89,MIROC5,rcp45,2090,2253.31,26.1,8.1,1.9,0.33,0.1
Esperance,-33.83,121.89,MIROC5,rcp85,2030,2183.98,23.9,7.7,1.77,0.27,0.07
Esperance,-33.83,121.89,MIROC5,rcp85,2050,2306.52,26.87,8.33,1.87,0.23,0.1
Esperance,-33.83,121.89,MIROC5,rcp85,2070,2306.52,26.87,8.33,1.87,0.23,0.1
Esperance,-33.83,121.89,MIROC5,rcp85,2090,2568.23,34.8,9.1,2.3,0.5,0.17
Esperance,-33.83,121.89,OBS,historical,1995,2087.84,21.93,7.37,1.37,0.17,0.07
Geraldton,-28.8,114.7,CESM1-CAM5,rcp45,2030,4321.48,74.9,36.3,8.3,0.63,0.07
Geraldton,-28.8,114.7,CESM1-CAM5,rcp45,2050,4633.03,83,38.67,9.23,1.27,0.07
Geraldton,-28.8,114.7,CESM1-CAM5,rcp45,2070,4996.47,90.87,41.5,10.87,1.9,0.17
Geraldton,-28.8,114.7,CESM1-CAM5,rcp45,2090,4972.45,91.33,41.03,11.13,1.93,0.13
Geraldton,-28.8,114.7,CESM1-CAM5,rcp85,2030,4547.11,81.37,38.47,9.03,1.03,0.07
Geraldton,-28.8,114.7,CESM1-CAM5,rcp85,2050,5376.53,100.4,44.77,12.6,2.63,0.27
Geraldton,-28.8,114.7,CESM1-CAM5,rcp85,2070,5376.53,100.4,44.77,12.6,2.63,0.27
Geraldton,-28.8,114.7,CESM1-CAM5,rcp85,2090,5636.02,106.23,46.07,13.73,3.17,0.37
Geraldton,-28.8,114.7,GFDL-ESM2M,rcp45,2030,5421.47,104.13,46.8,12.2,1.9,0.1
Geraldton,-28.8,114.7,GFDL-ESM2M,rcp45,2050,4981.73,97.2,41.9,9.73,1.1,0.03
Geraldton,-28.8,114.7,GFDL-ESM2M,rcp45,2070,5450.94,107.9,46,11.9,1.9,0.13
Geraldton,-28.8,114.7,GFDL-ESM2M,rcp45,2090,5061.12,98.03,41.97,10.13,1.17,0.03
Geraldton,-28.8,114.7,GFDL-ESM2M,rcp85,2030,4867.51,91.9,41.8,9.03,1.13,0.07
Geraldton,-28.8,114.7,GFDL-ESM2M,rcp85,2050,5621.05,110.43,47.17,12.87,2.27,0.23
Geraldton,-28.8,114.7,GFDL-ESM2M,rcp85,2070,5621.05,110.43,47.17,12.87,2.27,0.23
Geraldton,-28.8,114.7,GFDL-ESM2M,rcp85,2090,6319.62,128.87,53.6,15.57,3.17,0.3
Geraldton,-28.8,114.7,MIROC5,rcp45,2030,4446.62,79.03,37.67,8.77,0.77,0.07
Geraldton,-28.8,114.7,MIROC5,rcp45,2050,4510.86,81.93,37.7,8.87,1.17,0.07
Geraldton,-28.8,114.7,MIROC5,rcp45,2070,4576.54,81.2,38.57,9.3,1.1,0.1
Geraldton,-28.8,114.7,MIROC5,rcp45,2090,4565.14,81.8,38.37,9.1,1.27,0.1
Geraldton,-28.8,114.7,MIROC5,rcp85,2030,4434.8,78.67,37.03,8.53,0.9,0.03
Geraldton,-28.8,114.7,MIROC5,rcp85,2050,4673.67,84.9,38.97,9.47,1.23,0.1
Geraldton,-28.8,114.7,MIROC5,rcp85,2070,4673.67,84.9,38.97,9.47,1.23,0.1
Geraldton,-28.8,114.7,MIROC5,rcp85,2090,5061.5,94.47,40.8,11.5,2.1,0.13
Geraldton,-28.8,114.7,OBS,historical,1995,4276.65,73.97,35.7,8.07,0.53,0.03
Hobart,-42.89,147.33,CESM1-CAM5,rcp45,2030,1437.62,11.7,2.27,0.17,0.03,0
Hobart,-42.89,147.33,CESM1-CAM5,rcp45,2050,1507.18,13.37,2.3,0.23,0.03,0
Hobart,-42.89,147.33,CESM1-CAM5,rcp45,2070,1531.28,14.03,2.4,0.23,0.03,0
Hobart,-42.89,147.33,CESM1-CAM5,rcp45,2090,1578.32,15.33,2.63,0.27,0.03,0
Hobart,-42.89,147.33,CESM1-CAM5,rcp85,2030,1501.86,13.4,2.27,0.23,0.03,0
Hobart,-42.89,147.33,CESM1-CAM5,rcp85,2050,1560.15,14.63,2.47,0.23,0.03,0
Hobart,-42.89,147.33,CESM1-CAM5,rcp85,2070,1699.07,17.77,3.17,0.33,0.03,0
Hobart,-42.89,147.33,CESM1-CAM5,rcp85,2090,1888.14,22.67,4.07,0.5,0.03,0
Hobart,-42.89,147.33,GFDL-ESM2M,rcp45,2030,1520.55,13.43,2.33,0.17,0.03,0
Hobart,-42.89,147.33,GFDL-ESM2M,rcp45,2050,1444.35,12.3,2.33,0.17,0,0
Hobart,-42.89,147.33,GFDL-ESM2M,rcp45,2070,1505.68,13.17,2.47,0.13,0.03,0
Hobart,-42.89,147.33,GFDL-ESM2M,rcp45,2090,1447.66,12.4,2.33,0.13,0.03,0
Hobart,-42.89,147.33,GFDL-ESM2M,rcp85,2030,1473.71,12.6,2.4,0.13,0.03,0
Hobart,-42.89,147.33,GFDL-ESM2M,rcp85,2050,1500.63,13.43,2.43,0.13,0.03,0
Hobart,-42.89,147.33,GFDL-ESM2M,rcp85,2070,1576.39,14.77,2.6,0.23,0.03,0
Hobart,-42.89,147.33,GFDL-ESM2M,rcp85,2090,1669.31,16.93,2.83,0.23,0.03,0
Hobart,-42.89,147.33,MIROC5,rcp45,2030,1423.99,11.23,2.13,0.13,0.03,0
Hobart,-42.89,147.33,MIROC5,rcp45,2050,1423.67,12,2.23,0.13,0.03,0
Hobart,-42.89,147.33,MIROC5,rcp45,2070,1501.23,13.07,2.4,0.17,0.03,0
Hobart,-42.89,147.33,MIROC5,rcp45,2090,1526.48,13.87,2.47,0.17,0.03,0
Hobart,-42.89,147.33,MIROC5,rcp85,2030,1459.96,12.3,2.3,0.17,0.03,0
Hobart,-42.89,147.33,MIROC5,rcp85,2050,1501.27,13.37,2.33,0.17,0.03,0
Hobart,-42.89,147.33,MIROC5,rcp85,2070,1588.21,15.1,2.57,0.2,0.03,0
Hobart,-42.89,147.33,MIROC5,rcp85,2090,1638.09,16.53,2.8,0.27,0.03,0
Hobart,-42.89,147.33,OBS,historical,1995,1395.69,10.93,2.1,0.17,0,0
Kalgoorlie,-30.78,121.45,CESM1-CAM5,rcp45,2030,6319.98,120.57,71.67,11.43,2,0.17
Kalgoorlie,-30.78,121.45,CESM1-CAM5,rcp45,2050,6914.63,122.1,82.63,15,2.43,0.33
Kalgoorlie,-30.78,121.45,CESM1-CAM5,rcp45,2070,7054.79,122.87,85.13,15.57,2.63,0.47
Kalgoorlie,-30.78,121.45,CESM1-CAM5,rcp45,2090,7163.27,122.27,87.77,15.77,2.87,0.47
Kalgoorlie,-30.78,121.45,CESM1-CAM5,rcp85,2030,6472.02,121.7,74.33,12.47,2.03,0.27
Kalgoorlie,-30.78,121.45,CESM1-CAM5,rcp85,2050,7452.55,125.13,91.73,16.83,3.43,0.53
Kalgoorlie,-30.78,121.45,CESM1-CAM5,rcp85,2070,7338.65,118.2,88.93,17.97,3.57,0.67
Kalgoorlie,-30.78,121.45,CESM1-CAM5,rcp85,2090,7778.19,121.07,95.73,20.2,4.47,0.77
Kalgoorlie,-30.78,121.45,GFDL-ESM2M,rcp45,2030,8331.66,127.1,109.37,20.87,4.37,0.77
Kalgoorlie,-30.78,121.45,GFDL-ESM2M,rcp45,2050,7271.38,127,88.9,15.5,3.07,0.53
Kalgoorlie,-30.78,121.45,GFDL-ESM2M,rcp45,2070,8206.28,123.47,104.9,21.1,4.4,0.9
Kalgoorlie,-30.78,121.45,GFDL-ESM2M,rcp45,2090,7325.11,127.97,90.57,15.5,3,0.5
Kalgoorlie,-30.78,121.45,GFDL-ESM2M,rcp85,2030,7367.83,128.2,90.13,16.87,2.83,0.4
Kalgoorlie,-30.78,121.45,GFDL-ESM2M,rcp85,2050,8142.58,122.77,104,20.67,4.43,0.93
Kalgoorlie,-30.78,121.45,GFDL-ESM2M,rcp85,2070,8050.71,125.43,100.63,20.63,4.37,0.83
Kalgoorlie,-30.78,121.45,GFDL-ESM2M,rcp85,2090,9102.55,125.7,119.53,25.9,5.87,1.37
Kalgoorlie,-30.78,121.45,MIROC5,rcp45,2030,6347.73,120.37,72.97,12.13,1.93,0.17
Kalgoorlie,-30.78,121.45,MIROC5,rcp45,2050,6308.09,117.83,72.77,11.83,1.9,0.2
Kalgoorlie,-30.78,121.45,MIROC5,rcp45,2070,6213.73,119.03,69.87,11.67,1.83,0.23
Kalgoorlie,-30.78,121.45,MIROC5,rcp45,2090,6487.89,117.33,76.33,12.97,2.2,0.2
Kalgoorlie,-30.78,121.45,MIROC5,rcp85,2030,6326.24,119.67,72.73,11.87,1.97,0.2
Kalgoorlie,-30.78,121.45,MIROC5,rcp85,2050,6548.2,118.87,77.33,13.07,2.07,0.3
Kalgoorlie,-30.78,121.45,MIROC5,rcp85,2070,6562.14,117.8,77.23,13.67,2.03,0.3
Kalgoorlie,-30.78,121.45,MIROC5,rcp85,2090,6407.89,116.63,73.67,13.07,2.07,0.3
Kalgoorlie,-30.78,121.45,OBS,historical,1995,6160.51,119.43,68.33,10.7,1.57,0.13
Launceston-AP,-41.54,147.2,CESM1-CAM5,rcp45,2030,1472.05,19.17,1.2,0,0,0
Launceston-AP,-41.54,147.2,CESM1-CAM5,rcp45,2050,1542.26,21.73,1.43,0,0,0
Launceston-AP,-41.54,147.2,CESM1-CAM5,rcp45,2070,1552.99,22.67,1.53,0.03,0,0
Launceston-AP,-41.54,147.2,CESM1-CAM5,rcp45,2090,1609.67,25.83,1.73,0.07,0,0
Launceston-AP,-41.54,147.2,CESM1-CAM5,rcp85,2030,1536.77,21.53,1.5,0,0,0
Launceston-AP,-41.54,147.2,CESM1-CAM5,rcp85,2050,1592.81,24.33,1.67,0.03,0,0
Launceston-AP,-41.54,147.2,CESM1-CAM5,rcp85,2070,1727.89,30.1,2.37,0.07,0,0
Launceston-AP,-41.54,147.2,CESM1-CAM5,rcp85,2090,1909.43,37.9,3.57,0.1,0,0
Launceston-AP,-41.54,147.2,GFDL-ESM2M,rcp45,2030,1561.99,21.4,1.4,0,0,0
Launceston-AP,-41.54,147.2,GFDL-ESM2M,rcp45,2050,1486.46,19.4,1.13,0,0,0
Launceston-AP,-41.54,147.2,GFDL-ESM2M,rcp45,2070,1543.81,20.9,1.23,0,0,0
Launceston-AP,-41.54,147.2,GFDL-ESM2M,rcp45,2090,1473.65,19.33,1.07,0,0,0
Launceston-AP,-41.54,147.2,GFDL-ESM2M,rcp85,2030,1504.85,19.27,1.13,0,0,0
Launceston-AP,-41.54,147.2,GFDL-ESM2M,rcp85,2050,1537.54,20.93,1.2,0,0,0
Launceston-AP,-41.54,147.2,GFDL-ESM2M,rcp85,2070,1597.79,22.7,1.3,0.03,0,0
Launceston-AP,-41.54,147.2,GFDL-ESM2M,rcp85,2090,1704.83,26.77,1.9,0.07,0,0
Launceston-AP,-41.54,147.2,MIROC5,rcp45,2030,1449.48,17.57,1,0,0,0
Launceston-AP,-41.54,147.2,MIROC5,rcp45,2050,1459.2,18.6,1.1,0,0,0
Launceston-AP,-41.54,147.2,MIROC5,rcp45,2070,1538.33,21.23,1.3,0,0,0
Launceston-AP,-41.54,147.2,MIROC5,rcp45,2090,1564.3,22.73,1.37,0,0,0
Launceston-AP,-41.54,147.2,MIROC5,rcp85,2030,1498.69,19.6,1.4,0,0,0
Launceston-AP,-41.54,147.2,MIROC5,rcp85,2050,1527.4,20,1.27,0,0,0
Launceston-AP,-41.54,147.2,MIROC5,rcp85,2070,1620.23,24.6,1.43,0.03,0,0
Launceston-AP,-41.54,147.2,MIROC5,rcp85,2090,1669.76,26.9,1.7,0.07,0,0
Launceston-AP,-41.54,147.2,OBS,historical,1995,1434.63,17.6,1.13,0,0,0
Laverton,-37.86,144.76,CESM1-CAM5,rcp45,2030,2280.37,28.27,10.8,1.77,0.4,0.17
Laverton,-37.86,144.76,CESM1-CAM5,rcp45,2050,2468.9,31.73,12.07,2.23,0.53,0.2
Laverton,-37.86,144.76,CESM1-CAM5,rcp45,2070,2500.16,31.37,12.37,2.43,0.47,0.2
Laverton,-37.86,144.76,CESM1-CAM5,rcp45,2090,2557.95,32.5,12.73,2.67,0.5,0.23
Laverton,-37.86,144.76,CESM1-CAM5,rcp85,2030,2439.66,31,11.77,2.17,0.5,0.2
Laverton,-37.86,144.76,CESM1-CAM5,rcp85,2050,2628.78,33.67,13.3,2.8,0.47,0.33
Laverton,-37.86,144.76,CESM1-CAM5,rcp85,2070,2901.48,38.2,15.03,3.43,0.77,0.37
Laverton,-37.86,144.76,CESM1-CAM5,rcp85,2090,3130.08,44.03,16.37,4.1,0.93,0.47
Laverton,-37.86,144.76,GFDL-ESM2M,rcp45,2030,2809.34,37.73,13.9,3,0.47,0.33
Laverton,-37.86,144.76,GFDL-ESM2M,rcp45,2050,2460.87,31.67,12.03,2.27,0.3,0.27
Laverton,-37.86,144.76,GFDL-ESM2M,rcp45,2070,2894.99,39.03,14.8,3.3,0.4,0.33
Laverton,-37.86,144.76,GFDL-ESM2M,rcp45,2090,2545.41,33.53,12.4,2.3,0.37,0.23
Laverton,-37.86,144.76,GFDL-ESM2M,rcp85,2030,2534.94,33,12.4,2.2,0.33,0.27
Laverton,-37.86,144.76,GFDL-ESM2M,rcp85,2050,2571.91,33.77,12.9,2.4,0.33,0.27
Laverton,-37.86,144.76,GFDL-ESM2M,rcp85,2070,2982.58,41.13,15.23,3.53,0.53,0.33
Laverton,-37.86,144.76,GFDL-ESM2M,rcp85,2090,3480.43,52.27,19.97,4.63,0.9,0.43
Laverton,-37.86,144.76,MIROC5,rcp45,2030,2253.4,28.7,10.83,1.63,0.37,0.17
Laverton,-37.86,144.76,MIROC5,rcp45,2050,2236.53,28.03,11,1.57,0.4,0.13
Laverton,-37.86,144.76,MIROC5,rcp45,2070,2309.27,29.33,11.37,1.7,0.43,0.13
Laverton,-37.86,144.76,MIROC5,rcp45,2090,2358.59,30.5,11.73,1.8,0.43,0.17
Laverton,-37.86,144.76,MIROC5,rcp85,2030,2222.16,27.8,10.63,1.57,0.33,0.17
Laverton,-37.86,144.76,MIROC5,rcp85,2050,2283.56,28.73,11.23,1.67,0.37,0.17
Laverton,-37.86,144.76,MIROC5,rcp85,2070,2384.22,30.53,11.83,1.87,0.5,0.17
Laverton,-37.86,144.76,MIROC5,rcp85,2090,2394.54,30.87,12.07,2.17,0.4,0.2
Laverton,-37.86,144.76,OBS,historical,1995,2208.08,26.7,10.33,1.67,0.23,0.2
Mackay,-21.12,149.22,CESM1-CAM5,rcp45,2030,1286.73,4.4,0.17,0,0,0
Mackay,-21.12,149.22,CESM1-CAM5,rcp45,2050,1334.91,5.1,0.17,0.03,0,0
Mackay,-21.12,149.22,CESM1-CAM5,rcp45,2070,1292.48,4.5,0.17,0.03,0,0
Mackay,-21.12,149.22,CESM1-CAM5,rcp45,2090,1319.65,4.67,0.2,0.03,0,0
Mackay,-21.12,149.22,CESM1-CAM5,rcp85,2030,1288.51,4.43,0.13,0.03,0,0
Mackay,-21.12,149.22,CESM1-CAM5,rcp85,2050,1416,6.07,0.2,0.03,0,0
Mackay,-21.12,149.22,CESM1-CAM5,rcp85,2070,1410.68,6.2,0.27,0.03,0,0
Mackay,-21.12,149.22,CESM1-CAM5,rcp85,2090,1441.19,7.03,0.27,0.03,0,0
Mackay,-21.12,149.22,GFDL-ESM2M,rcp45,2030,1405.74,5.03,0.17,0,0,0
Mackay,-21.12,149.22,GFDL-ESM2M,rcp45,2050,1410.17,5.43,0.13,0.03,0,0
Mackay,-21.12,149.22,GFDL-ESM2M,rcp45,2070,1569.15,6.97,0.23,0.03,0,0
Mackay,-21.12,149.22,GFDL-ESM2M,rcp45,2090,1373.84,5.13,0.23,0.03,0,0
Mackay,-21.12,149.22,GFDL-ESM2M,rcp85,2030,1456.54,5.83,0.2,0.03,0,0
Mackay,-21.12,149.22,GFDL-ESM2M,rcp85,2050,1518.71,6.67,0.2,0.03,0,0
Mackay,-21.12,149.22,GFDL-ESM2M,rcp85,2070,1415.95,6.1,0.27,0.03,0,0
Mackay,-21.12,149.22,GFDL-ESM2M,rcp85,2090,1542.87,7.63,0.3,0.03,0,0
Mackay,-21.12,149.22,MIROC5,rcp45,2030,1349.59,5.17,0.17,0,0,0
Mackay,-21.12,149.22,MIROC5,rcp45,2050,1333.42,5.03,0.2,0,0,0
Mackay,-21.12,149.22,MIROC5,rcp45,2070,1354.58,5.2,0.17,0.03,0,0
Mackay,-21.12,149.22,MIROC5,rcp45,2090,1440.34,6.37,0.2,0.03,0,0
Mackay,-21.12,149.22,MIROC5,rcp85,2030,1392.41,5.5,0.17,0,0,0
Mackay,-21.12,149.22,MIROC5,rcp85,2050,1416.24,6.17,0.2,0.03,0,0
Mackay,-21.12,149.22,MIROC5,rcp85,2070,1456.39,6.5,0.23,0.03,0,0
Mackay,-21.12,149.22,MIROC5,rcp85,2090,1457.67,6.93,0.27,0.03,0,0
Mackay,-21.12,149.22,OBS,historical,1995,1303.29,3.87,0.17,0,0,0
Meekatharra,-26.61,118.54,CESM1-CAM5,rcp45,2030,8792.94,111.3,127.37,27.27,2.4,0.13
Meekatharra,-26.61,118.54,CESM1-CAM5,rcp45,2050,9503.09,106.77,133.67,34.87,3.7,0.23
Meekatharra,-26.61,118.54,CESM1-CAM5,rcp45,2070,9701.78,104.1,135.63,37.8,3.77,0.27
Meekatharra,-26.61,118.54,CESM1-CAM5,rcp45,2090,9826.03,101.7,137.97,39.13,3.8,0.3
Meekatharra,-26.61,118.54,CESM1-CAM5,rcp85,2030,8961.78,108.23,130.2,28.77,2.8,0.13
Meekatharra,-26.61,118.54,CESM1-CAM5,rcp85,2050,10144.04,103.6,142.23,41.27,4.33,0.33
Meekatharra,-26.61,118.54,CESM1-CAM5,rcp85,2070,10051.87,98.27,135.47,42.87,5.2,0.5
Meekatharra,-26.61,118.54,CESM1-CAM5,rcp85,2090,10613.71,93.07,142.07,48.1,6.9,0.63
Meekatharra,-26.61,118.54,GFDL-ESM2M,rcp45,2030,11002.06,96.43,153.3,49.1,5.87,0.53
Meekatharra,-26.61,118.54,GFDL-ESM2M,rcp45,2050,9839.31,105.13,142.03,36.4,3.77,0.33
Meekatharra,-26.61,118.54,GFDL-ESM2M,rcp45,2070,10885.35,95.1,148.4,48.87,6.67,0.53
Meekatharra,-26.61,118.54,GFDL-ESM2M,rcp45,2090,9940.98,100.07,146.63,36.93,3.8,0.27
Meekatharra,-26.61,118.54,GFDL-ESM2M,rcp85,2030,9972.25,103.43,144.27,37.5,4.1,0.17
Meekatharra,-26.61,118.54,GFDL-ESM2M,rcp85,2050,10835.43,94.57,148.1,48.5,6.3,0.57
Meekatharra,-26.61,118.54,GFDL-ESM2M,rcp85,2070,10810.47,95.17,148.8,47.93,6.43,0.6
Meekatharra,-26.61,118.54,GFDL-ESM2M,rcp85,2090,11979.74,88.17,153.8,61.57,9.53,1.13
Meekatharra,-26.61,118.54,MIROC5,rcp45,2030,8850.01,105.67,129.67,28.03,2.5,0.03
Meekatharra,-26.61,118.54,MIROC5,rcp45,2050,8805.59,105.1,127.93,28.53,2.5,0.07
Meekatharra,-26.61,118.54,MIROC5,rcp45,2070,8722.72,104.77,127.9,27.57,2.33,0.03
Meekatharra,-26.61,118.54,MIROC5,rcp45,2090,9036.97,103.57,128.53,31.63,3.1,0.1
Meekatharra,-26.61,118.54,MIROC5,rcp85,2030,8822.66,106,128.83,28.03,2.43,0.07
Meekatharra,-26.61,118.54,MIROC5,rcp85,2050,9090.32,103.57,130.27,31.33,3,0.1
Meekatharra,-26.61,118.54,MIROC5,rcp85,2070,9178.08,101.77,131.1,32.97,3.2,0.07
Meekatharra,-26.61,118.54,MIROC5,rcp85,2090,9029.62,102.3,127.57,32.3,3.23,0.1
Meekatharra,-26.61,118.54,OBS,historical,1995,8577.58,107.9,126.53,23.83,1.77,0.07
Melbourne-AP,-37.68,144.84,CESM1-CAM5,rcp45,2030,2678.93,38.63,14.73,3.2,0.53,0.03
Melbourne-AP,-37.68,144.84,CESM1-CAM5,rcp45,2050,2887.32,42.9,16.47,3.5,0.7,0.17
Melbourne-AP,-37.68,144.84,CESM1-CAM5,rcp45,2070,2914.83,43.57,16.6,3.63,0.8,0.2
Melbourne-AP,-37.68,144.84,CESM1-CAM5,rcp45,2090,2988.51,44.57,17.27,3.9,0.83,0.2
Melbourne-AP,-37.68,144.84,CESM1-CAM5,rcp85,2030,2862.61,41.93,16.23,3.43,0.73,0.2
Melbourne-AP,-37.68,144.84,CESM1-CAM5,rcp85,2050,3057.05,45.4,17.73,3.9,1,0.27
Melbourne-AP,-37.68,144.84,CESM1-CAM5,rcp85,2070,3366,53.07,19.27,4.73,1.57,0.4
Melbourne-AP,-37.68,144.84,CESM1-CAM5,rcp85,2090,3624.09,58.57,21.23,5.43,1.8,0.6
Melbourne-AP,-37.68,144.84,GFDL-ESM2M,rcp45,2030,3228,52.5,18.4,4.17,0.77,0.3
Melbourne-AP,-37.68,144.84,GFDL-ESM2M,rcp45,2050,2873.79,42.9,16.03,3.7,0.63,0.1
Melbourne-AP,-37.68,144.84,GFDL-ESM2M,rcp45,2070,3316.62,53.83,19.53,4.43,0.97,0.2
Melbourne-AP,-37.68,144.84,GFDL-ESM2M,rcp45,2090,2949.78,45.2,16.5,3.57,0.67,0.13
Melbourne-AP,-37.68,144.84,GFDL-ESM2M,rcp85,2030,2935.79,45.77,15.77,3.53,0.7,0.1
Melbourne-AP,-37.68,144.84,GFDL-ESM2M,rcp85,2050,2989.66,46.73,16.97,3.83,0.63,0.17
Melbourne-AP,-37.68,144.84,GFDL-ESM2M,rcp85,2070,3404.78,54.97,20.47,4.33,0.97,0.37
Melbourne-AP,-37.68,144.84,GFDL-ESM2M,rcp85,2090,3966.04,67.53,25.17,5.8,1.67,0.53
Melbourne-AP,-37.68,144.84,MIROC5,rcp45,2030,2646.4,38.43,14.6,3,0.47,0.07
Melbourne-AP,-37.68,144.84,MIROC5,rcp45,2050,2630.02,38.27,14.63,3.07,0.43,0.07
Melbourne-AP,-37.68,144.84,MIROC5,rcp45,2070,2713.01,39.5,15.37,3.4,0.43,0.07
Melbourne-AP,-37.68,144.84,MIROC5,rcp45,2090,2772.03,40.73,15.97,3.53,0.43,0.1
Melbourne-AP,-37.68,144.84,MIROC5,rcp85,2030,2619.22,38.37,14.53,2.8,0.5,0.03
Melbourne-AP,-37.68,144.84,MIROC5,rcp85,2050,2687.59,39.43,14.9,3.3,0.43,0.1
Melbourne-AP,-37.68,144.84,MIROC5,rcp85,2070,2799.57,40.97,16.1,3.57,0.5,0.07
Melbourne-AP,-37.68,144.84,MIROC5,rcp85,2090,2806.48,41.03,16.37,3.7,0.63,0.1
Melbourne-AP,-37.68,144.84,OBS,historical,1995,2553.32,35.73,13.8,2.67,0.4,0.03
Mildura,-34.23,142.08,CESM1-CAM5,rcp45,2030,5605.17,110.53,59.17,8.5,1.1,0.23
Mildura,-34.23,142.08,CESM1-CAM5,rcp45,2050,5936.96,112.37,65.5,9.93,1.33,0.37
Mildura,-34.23,142.08,CESM1-CAM5,rcp45,2070,6029.19,112.13,67.57,10.47,1.4,0.4
Mildura,-34.23,142.08,CESM1-CAM5,rcp45,2090,6220.26,113.23,71.47,10.77,1.57,0.63
Mildura,-34.23,142.08,CESM1-CAM5,rcp85,2030,5820.75,112.47,62.43,9.57,1.13,0.37
Mildura,-34.23,142.08,CESM1-CAM5,rcp85,2050,6151.84,113.73,69.7,10.4,1.47,0.57
Mildura,-34.23,142.08,CESM1-CAM5,rcp85,2070,6477.04,112.5,76.33,12.23,1.8,0.77
Mildura,-34.23,142.08,CESM1-CAM5,rcp85,2090,7089.3,110.63,86.27,15.67,2.63,1.03
Mildura,-34.23,142.08,GFDL-ESM2M,rcp45,2030,6617.93,116.17,80.17,11.97,1.6,0.67
Mildura,-34.23,142.08,GFDL-ESM2M,rcp45,2050,6103.59,112.6,69.53,9.73,1.53,0.53
Mildura,-34.23,142.08,GFDL-ESM2M,rcp45,2070,6964.68,115.77,87.2,13.37,1.93,0.77
Mildura,-34.23,142.08,GFDL-ESM2M,rcp45,2090,6346.34,120.27,74.13,10.13,1.53,0.53
Mildura,-34.23,142.08,GFDL-ESM2M,rcp85,2030,6157.49,120.1,68.63,9.43,1.53,0.47
Mildura,-34.23,142.08,GFDL-ESM2M,rcp85,2050,6611.26,114.77,79.87,12.27,1.73,0.73
Mildura,-34.23,142.08,GFDL-ESM2M,rcp85,2070,6911.49,118.6,83.33,13.6,2.13,0.83
Mildura,-34.23,142.08,GFDL-ESM2M,rcp85,2090,7775.83,115.13,99.53,17.23,3.5,1.4
Mildura,-34.23,142.08,MIROC5,rcp45,2030,5658.16,114,60.43,8.2,1.43,0.13
Mildura,-34.23,142.08,MIROC5,rcp45,2050,5648.92,113.9,60.4,8.43,1.37,0.13
Mildura,-34.23,142.08,MIROC5,rcp45,2070,5623.31,112.73,59.67,8.43,1.33,0.13
Mildura,-34.23,142.08,MIROC5,rcp45,2090,5926.94,112.8,66.13,9.77,1.43,0.23
Mildura,-34.23,142.08,MIROC5,rcp85,2030,5687.99,112.9,61.03,8.57,1.47,0.13
Mildura,-34.23,142.08,MIROC5,rcp85,2050,5754.71,113.8,61.73,9.07,1.4,0.23
Mildura,-34.23,142.08,MIROC5,rcp85,2070,5802.68,113.2,63.33,9.17,1.4,0.23
Mildura,-34.23,142.08,MIROC5,rcp85,2090,5717.22,112.07,61.37,9.1,1.43,0.23
Mildura,-34.23,142.08,OBS,historical,1995,5488.31,111.2,56.23,7.2,1.1,0.1
Moree,-29.49,149.85,CESM1-CAM5,rcp45,2030,4334.08,114.33,33.13,2.47,0.37,0.03
Moree,-29.49,149.85,CESM1-CAM5,rcp45,2050,4615.35,120.1,38.83,3.4,0.37,0.1
Moree,-29.49,149.85,CESM1-CAM5,rcp45,2070,4711.32,120.6,41.67,3.47,0.47,0.07
Moree,-29.49,149.85,CESM1-CAM5,rcp45,2090,4933.84,126.53,43.83,4.17,0.6,0.07
Moree,-29.49,149.85,CESM1-CAM5,rcp85,2030,4653.56,120.9,39.83,3.13,0.47,0.1
Moree,-29.49,149.85,CESM1-CAM5,rcp85,2050,4792.28,121.97,42.57,3.83,0.57,0.1
Moree,-29.49,149.85,CESM1-CAM5,rcp85,2070,5118.4,127.33,47.8,4.9,0.63,0.13
Moree,-29.49,149.85,CESM1-CAM5,rcp85,2090,5718.96,131.83,58.67,7.67,1,0.3
Moree,-29.49,149.85,GFDL-ESM2M,rcp45,2030,5183.39,137.37,45.93,4.33,0.53,0.1
Moree,-29.49,149.85,GFDL-ESM2M,rcp45,2050,5076.06,131.03,45.17,4.33,0.6,0.07
Moree,-29.49,149.85,GFDL-ESM2M,rcp45,2070,5976.15,142.5,63.27,6.9,0.87,0.07
Moree,-29.49,149.85,GFDL-ESM2M,rcp45,2090,5588.6,140.73,55.17,5.87,0.77,0.07
Moree,-29.49,149.85,GFDL-ESM2M,rcp85,2030,5393.26,135.43,51.1,5.43,0.6,0.13
Moree,-29.49,149.85,GFDL-ESM2M,rcp85,2050,6046.5,135.2,65.13,8.17,0.87,0.37
Moree,-29.49,149.85,GFDL-ESM2M,rcp85,2070,6189.23,141.67,66.3,8.5,0.97,0.3
Moree,-29.49,149.85,GFDL-ESM2M,rcp85,2090,7235.78,145.27,87.07,12.33,2.4,0.63
Moree,-29.49,149.85,MIROC5,rcp45,2030,4265.02,108.53,33.17,2.7,0.4,0.03
Moree,-29.49,149.85,MIROC5,rcp45,2050,4494.63,113.8,37.37,3.27,0.47,0.07
Moree,-29.49,149.85,MIROC5,rcp45,2070,4284.75,109.53,33.23,2.73,0.43,0.03
Moree,-29.49,149.85,MIROC5,rcp45,2090,4588.87,117.43,38.93,3.43,0.47,0.07
Moree,-29.49,149.85,MIROC5,rcp85,2030,4555.58,115.6,38,3.27,0.53,0.07
Moree,-29.49,149.85,MIROC5,rcp85,2050,4590.72,116.77,38.33,3.5,0.57,0.1
Moree,-29.49,149.85,MIROC5,rcp85,2070,4521.53,116.13,37.53,3.23,0.47,0.03
Moree,-29.49,149.85,MIROC5,rcp85,2090,4464.91,112.23,37.47,3.37,0.5,0.07
Moree,-29.49,149.85,OBS,historical,1995,4247.84,108.13,30.23,2.43,0.33,0.03
Mt-Gambier,-37.75,140.77,CESM1-CAM5,rcp45,2030,2105.6,29.47,11.6,1.87,0.23,0.1
Mt-Gambier,-37.75,140.77,CESM1-CAM5,rcp45,2050,2283.57,34.77,12.67,2.27,0.3,0.13
Mt-Gambier,-37.75,140.77,CESM1-CAM5,rcp45,2070,2306.11,34.57,12.67,2.4,0.3,0.13
Mt-Gambier,-37.75,140.77,CESM1-CAM5,rcp45,2090,2412.52,36.6,13.4,2.77,0.33,0.17
Mt-Gambier,-37.75,140.77,CESM1-CAM5,rcp85,2030,2208.83,33.37,11.93,2.3,0.27,0.13
Mt-Gambier,-37.75,140.77,CESM1-CAM5,rcp85,2050,2366.08,35.8,12.87,2.47,0.3,0.13
Mt-Gambier,-37.75,140.77,CESM1-CAM5,rcp85,2070,2557.87,40.97,13.93,3.23,0.57,0.2
Mt-Gambier,-37.75,140.77,CESM1-CAM5,rcp85,2090,2898.39,50.77,16.33,3.9,1,0.27
Mt-Gambier,-37.75,140.77,GFDL-ESM2M,rcp45,2030,2613.4,41.83,13.6,2.8,0.27,0.17
Mt-Gambier,-37.75,140.77,GFDL-ESM2M,rcp45,2050,2290.31,33.17,11.83,1.97,0.33,0.1
Mt-Gambier,-37.75,140.77,GFDL-ESM2M,rcp45,2070,2846.11,49.23,14.6,3.37,0.33,0.13
Mt-Gambier,-37.75,140.77,GFDL-ESM2M,rcp45,2090,2423.47,34.87,12.67,2.1,0.3,0.1
Mt-Gambier,-37.75,140.77,GFDL-ESM2M,rcp85,2030,2281.26,32.17,11.63,1.77,0.27,0.13
Mt-Gambier,-37.75,140.77,GFDL-ESM2M,rcp85,2050,2583.95,40.17,14.17,2.8,0.33,0.13
Mt-Gambier,-37.75,140.77,GFDL-ESM2M,rcp85,2070,2770.68,43.3,14.5,3.1,0.33,0.17
Mt-Gambier,-37.75,140.77,GFDL-ESM2M,rcp85,2090,3475.72,68.67,18.27,4.4,0.77,0.23
Mt-Gambier,-37.75,140.77,MIROC5,rcp45,2030,2134.31,29.87,11.63,1.87,0.27,0.07
Mt-Gambier,-37.75,140.77,MIROC5,rcp45,2050,2154.3,30.23,11.73,2.03,0.27,0.1
Mt-Gambier,-37.75,140.77,MIROC5,rcp45,2070,2132.44,29.87,11.97,2.07,0.23,0.1
Mt-Gambier,-37.75,140.77,MIROC5,rcp45,2090,2301.88,34.83,12.73,2.63,0.27,0.13
Mt-Gambier,-37.75,140.77,MIROC5,rcp85,2030,2157.75,30.13,11.93,1.8,0.23,0.1
Mt-Gambier,-37.75,140.77,MIROC5,rcp85,2050,2170.09,31.13,11.9,1.97,0.3,0.1
Mt-Gambier,-37.75,140.77,MIROC5,rcp85,2070,2223.3,31.57,12.6,2.3,0.3,0.13
Mt-Gambier,-37.75,140.77,MIROC5,rcp85,2090,2161.63,29.97,12.5,2.43,0.3,0.13
Mt-Gambier,-37.75,140.77,OBS,historical,1995,2026.79,27.23,10.73,1.6,0.27,0.07
Mt-Isa,-20.68,139.49,CESM1-CAM5,rcp45,2030,7935.04,139.13,125.27,12.5,0.43,0
Mt-Isa,-20.68,139.49,CESM1-CAM5,rcp45,2050,8235.01,132.7,130.47,16.57,0.53,0.03
Mt-Isa,-20.68,139.49,CESM1-CAM5,rcp45,2070,8194.29,131.13,131.77,15.33,0.5,0.03
Mt-Isa,-20.68,139.49,CESM1-CAM5,rcp45,2090,8295.57,129.7,132.8,16.87,0.6,0.03
Mt-Isa,-20.68,139.49,CESM1-CAM5,rcp85,2030,8035.84,130.6,129.27,14.03,0.47,0
Mt-Isa,-20.68,139.49,CESM1-CAM5,rcp85,2050,8621.95,126.2,138.03,19.67,1.13,0.03
Mt-Isa,-20.68,139.49,CESM1-CAM5,rcp85,2070,8926.49,118.13,145,22.9,1.2,0.07
Mt-Isa,-20.68,139.49,CESM1-CAM5,rcp85,2090,9055.81,115.6,144.1,25.47,1.6,0.1
Mt-Isa,-20.68,139.49,GFDL-ESM2M,rcp45,2030,8917.57,124.33,150.77,18.9,0.7,0.03
Mt-Isa,-20.68,139.49,GFDL-ESM2M,rcp45,2050,8690.33,129.5,142.6,18.6,0.6,0.03
Mt-Isa,-20.68,139.49,GFDL-ESM2M,rcp45,2070,9821.79,110.03,172.17,25.73,1.17,0.03
Mt-Isa,-20.68,139.49,GFDL-ESM2M,rcp45,2090,8730.97,119.53,154.13,16.33,0.47,0
Mt-Isa,-20.68,139.49,GFDL-ESM2M,rcp85,2030,8993.93,122,154.07,19.03,0.83,0.03
Mt-Isa,-20.68,139.49,GFDL-ESM2M,rcp85,2050,9703.74,113.1,163.23,27.03,1.8,0.03
Mt-Isa,-20.68,139.49,GFDL-ESM2M,rcp85,2070,9391.27,108.8,164.57,23.43,1,0.03
Mt-Isa,-20.68,139.49,GFDL-ESM2M,rcp85,2090,10270.63,98.17,177.5,31.57,1.83,0.1
Mt-Isa,-20.68,139.49,MIROC5,rcp45,2030,8211.17,133.33,128.43,16.7,0.67,0.03
Mt-Isa,-20.68,139.49,MIROC5,rcp45,2050,8150.69,134,126.1,16.67,0.73,0.03
Mt-Isa,-20.68,139.49,MIROC5,rcp45,2070,8440.33,129.73,135.9,18.07,0.63,0.03
Mt-Isa,-20.68,139.49,MIROC5,rcp45,2090,8974.53,120.97,147.27,22.07,1,0.03
Mt-Isa,-20.68,139.49,MIROC5,rcp85,2030,8633.13,128.07,137.9,20.17,0.9,0.03
Mt-Isa,-20.68,139.49,MIROC5,rcp85,2050,8743.09,125.93,138.33,21.53,1.17,0.03
Mt-Isa,-20.68,139.49,MIROC5,rcp85,2070,8896.15,123,142.67,22.3,1.37,0.03
Mt-Isa,-20.68,139.49,MIROC5,rcp85,2090,8833.62,120.63,142.33,22.2,1.23,0.03
Mt-Isa,-20.68,139.49,OBS,historical,1995,8118.1,139.63,124.8,12.87,0.43,0
Nowra,-34.95,150.54,CESM1-CAM5,rcp45,2030,1820.63,21.4,7.2,0.9,0.07,0.07
Nowra,-34.95,150.54,CESM1-CAM5,rcp45,2050,1954.89,24.73,8.07,1.03,0.1,0.07
Nowra,-34.95,150.54,CESM1-CAM5,rcp45,2070,1976.25,25.37,8.2,1.2,0.13,0.07
Nowra,-34.95,150.54,CESM1-CAM5,rcp45,2090,2090.36,27.43,8.93,1.37,0.17,0.07
Nowra,-34.95,150.54,CESM1-CAM5,rcp85,2030,1968.77,24.67,8.17,1.23,0.1,0.07
Nowra,-34.95,150.54,CESM1-CAM5,rcp85,2050,2051.88,26.37,8.57,1.53,0.17,0.07
Nowra,-34.95,150.54,CESM1-CAM5,rcp85,2070,2248.19,31.27,9.4,1.9,0.33,0.1
Nowra,-34.95,150.54,CESM1-CAM5,rcp85,2090,2555.24,39.1,11.37,2.63,0.5,0.17
Nowra,-34.95,150.54,GFDL-ESM2M,rcp45,2030,2026,26.27,8.63,1,0.1,0.07
Nowra,-34.95,150.54,GFDL-ESM2M,rcp45,2050,1900.67,23.97,7.57,1.1,0.1,0.07
Nowra,-34.95,150.54,GFDL-ESM2M,rcp45,2070,2163.45,28.93,9.37,1.27,0.13,0.07
Nowra,-34.95,150.54,GFDL-ESM2M,rcp45,2090,2044.71,26.23,8.87,1.13,0.1,0.07
Nowra,-34.95,150.54,GFDL-ESM2M,rcp85,2030,1954.23,24.67,8.3,1.1,0.1,0.07
Nowra,-34.95,150.54,GFDL-ESM2M,rcp85,2050,2101.35,27.83,8.83,1.5,0.13,0.1
Nowra,-34.95,150.54,GFDL-ESM2M,rcp85,2070,2265.89,31.53,9.8,1.87,0.27,0.1
Nowra,-34.95,150.54,GFDL-ESM2M,rcp85,2090,2568.16,37.67,12.37,2.47,0.47,0.13
Nowra,-34.95,150.54,MIROC5,rcp45,2030,1849.4,22.37,7.9,0.8,0.07,0.07
Nowra,-34.95,150.54,MIROC5,rcp45,2050,1923.88,23.83,8.27,1,0.07,0.07
Nowra,-34.95,150.54,MIROC5,rcp45,2070,1891.86,23.33,8.13,0.87,0.1,0.07
Nowra,-34.95,150.54,MIROC5,rcp45,2090,1984.3,24.97,8.57,1.07,0.1,0.07
Nowra,-34.95,150.54,MIROC5,rcp85,2030,1935.02,23.67,8.2,0.97,0.1,0.07
Nowra,-34.95,150.54,MIROC5,rcp85,2050,1993.43,26.07,8.47,1.07,0.1,0.07
Nowra,-34.95,150.54,MIROC5,rcp85,2070,2082.67,27.47,8.83,1.33,0.1,0.07
Nowra,-34.95,150.54,MIROC5,rcp85,2090,2015.55,27.03,8.57,1.37,0.13,0.07
Nowra,-34.95,150.54,OBS,historical,1995,1905.61,22.53,7.93,0.9,0.07,0.07
Perth-AP,-31.93,115.98,CESM1-CAM5,rcp45,2030,3667.32,77.67,33.83,2.63,0.1,0
Perth-AP,-31.93,115.98,CESM1-CAM5,rcp45,2050,3908.88,79.97,38.53,3.33,0.17,0
Perth-AP,-31.93,115.98,CESM1-CAM5,rcp45,2070,4167.7,84.23,42.47,4.4,0.2,0
Perth-AP,-31.93,115.98,CESM1-CAM5,rcp45,2090,4188.76,85.43,42.77,4.33,0.27,0
Perth-AP,-31.93,115.98,CESM1-CAM5,rcp85,2030,3836.77,79.43,37.9,3.03,0.1,0
Perth-AP,-31.93,115.98,CESM1-CAM5,rcp85,2050,4464.17,90.43,46.37,5.27,0.3,0
Perth-AP,-31.93,115.98,CESM1-CAM5,rcp85,2070,4464.17,90.43,46.37,5.27,0.3,0
Perth-AP,-31.93,115.98,CESM1-CAM5,rcp85,2090,4664.59,92.5,47.53,6.77,0.5,0
Perth-AP,-31.93,115.98,GFDL-ESM2M,rcp45,2030,4458.47,95.3,45.73,3.8,0.13,0
Perth-AP,-31.93,115.98,GFDL-ESM2M,rcp45,2050,4094.5,91.17,37.07,3,0.1,0
Perth-AP,-31.93,115.98,GFDL-ESM2M,rcp45,2070,4458.67,95.3,43.97,4.4,0.2,0
Perth-AP,-31.93,115.98,GFDL-ESM2M,rcp45,2090,4107.98,90.43,36.93,2.9,0.1,0
Perth-AP,-31.93,115.98,GFDL-ESM2M,rcp85,2030,4013.63,86.83,37.67,2.87,0.1,0
Perth-AP,-31.93,115.98,GFDL-ESM2M,rcp85,2050,4550.59,96.2,45.53,4.43,0.23,0
Perth-AP,-31.93,115.98,GFDL-ESM2M,rcp85,2070,4550.59,96.2,45.53,4.43,0.23,0
Perth-AP,-31.93,115.98,GFDL-ESM2M,rcp85,2090,5214.41,112.3,53.6,6.27,0.43,0
Perth-AP,-31.93,115.98,MIROC5,rcp45,2030,3782.76,78.4,36.43,2.93,0.1,0
Perth-AP,-31.93,115.98,MIROC5,rcp45,2050,3838.84,79.2,37.7,3.17,0.13,0
Perth-AP,-31.93,115.98,MIROC5,rcp45,2070,3856.8,78.63,38.07,3.33,0.13,0
Perth-AP,-31.93,115.98,MIROC5,rcp45,2090,3878.7,79.1,38.4,3.43,0.13,0
Perth-AP,-31.93,115.98,MIROC5,rcp85,2030,3776.17,79.53,36.1,2.87,0.1,0
Perth-AP,-31.93,115.98,MIROC5,rcp85,2050,3913.2,80.3,38.2,3.27,0.13,0
Perth-AP,-31.93,115.98,MIROC5,rcp85,2070,3913.2,80.3,38.2,3.27,0.13,0
Perth-AP,-31.93,115.98,MIROC5,rcp85,2090,4246.01,85.6,43.37,4.73,0.3,0
Perth-AP,-31.93,115.98,OBS,historical,1995,3647.17,77.87,33.13,2.5,0.07,0
Port-Hedland,-20.37,118.63,CESM1-CAM5,rcp45,2030,6973.51,140.5,89.6,10.87,1.17,0.07
Port-Hedland,-20.37,118.63,CESM1-CAM5,rcp45,2050,7467.14,143.43,99,14.3,1.63,0.13
Port-Hedland,-20.37,118.63,CESM1-CAM5,rcp45,2070,7420.42,142.33,98.07,13.6,1.6,0.1
Port-Hedland,-20.37,118.63,CESM1-CAM5,rcp45,2090,7615.19,140.43,101.57,15.47,1.73,0.13
Port-Hedland,-20.37,118.63,CESM1-CAM5,rcp85,2030,7160.95,139.33,93.7,12.73,1.23,0.07
Port-Hedland,-20.37,118.63,CESM1-CAM5,rcp85,2050,8170.95,143,112.6,17.73,2.2,0.17
Port-Hedland,-20.37,118.63,CESM1-CAM5,rcp85,2070,8076.97,138.03,111.27,18.37,2.17,0.17
Port-Hedland,-20.37,118.63,CESM1-CAM5,rcp85,2090,8510.48,133.93,118.2,22.33,3,0.27
Port-Hedland,-20.37,118.63,GFDL-ESM2M,rcp45,2030,9738.4,137.8,149.1,26.83,3.47,0.3
Port-Hedland,-20.37,118.63,GFDL-ESM2M,rcp45,2050,8263.68,135.7,119.8,18.7,2.1,0.17
Port-Hedland,-20.37,118.63,GFDL-ESM2M,rcp45,2070,10275.47,128,157.63,32.03,4.43,0.5
Port-Hedland,-20.37,118.63,GFDL-ESM2M,rcp45,2090,8477.5,129.9,125.77,20.23,2.17,0.07
Port-Hedland,-20.37,118.63,GFDL-ESM2M,rcp85,2030,8803.2,136.5,131.13,21.17,2,0.1
Port-Hedland,-20.37,118.63,GFDL-ESM2M,rcp85,2050,9834.44,133.53,144.8,29.8,4.27,0.53
Port-Hedland,-20.37,118.63,GFDL-ESM2M,rcp85,2070,9935.49,122.77,148.47,31.83,4.03,0.43
Port-Hedland,-20.37,118.63,GFDL-ESM2M,rcp85,2090,11489.31,107.2,165.43,46.07,7.73,1.23
Port-Hedland,-20.37,118.63,MIROC5,rcp45,2030,7119.12,137.43,92.83,12.5,1.07,0.07
Port-Hedland,-20.37,118.63,MIROC5,rcp45,2050,6970.65,135.1,88.63,12.03,1.33,0.07
Port-Hedland,-20.37,118.63,MIROC5,rcp45,2070,7103.45,135.87,92.5,12.33,1.2,0.07
Port-Hedland,-20.37,118.63,MIROC5,rcp45,2090,7456.92,137.6,99.27,14.43,1.53,0.07
Port-Hedland,-20.37,118.63,MIROC5,rcp85,2030,7119.97,140.1,91.13,12.33,1.27,0.07
Port-Hedland,-20.37,118.63,MIROC5,rcp85,2050,7380.67,137.03,97.73,13.93,1.53,0.07
Port-Hedland,-20.37,118.63,MIROC5,rcp85,2070,7100.19,133.8,92.8,12.6,1.17,0.07
Port-Hedland,-20.37,118.63,MIROC5,rcp85,2090,7149.91,130.27,94.2,13.6,1.23,0.07
Port-Hedland,-20.37,118.63,OBS,historical,1995,6998,142.63,86.63,10.67,1,0.07
Richmond,-33.6,150.78,CESM1-CAM5,rcp45,2030,2651.23,50.3,13.63,1.3,0.37,0
Richmond,-33.6,150.78,CESM1-CAM5,rcp45,2050,2746.03,52.27,14.87,1.47,0.4,0
Richmond,-33.6,150.78,CESM1-CAM5,rcp45,2070,2813.8,53.83,15.87,1.5,0.37,0.07
Richmond,-33.6,150.78,CESM1-CAM5,rcp45,2090,2979.99,57.37,17.73,1.57,0.47,0.07
Richmond,-33.6,150.78,CESM1-CAM5,rcp85,2030,2817.32,53.83,15.73,1.4,0.47,0.07
Richmond,-33.6,150.78,CESM1-CAM5,rcp85,2050,2915.57,56.2,16.87,1.7,0.5,0.1
Richmond,-33.6,150.78,CESM1-CAM5,rcp85,2070,3169.74,61.77,20.1,2.13,0.67,0.23
Richmond,-33.6,150.78,CESM1-CAM5,rcp85,2090,3574.69,71.13,24.53,3.47,0.9,0.37
Richmond,-33.6,150.78,GFDL-ESM2M,rcp45,2030,2877.78,55.47,16.1,1.43,0.43,0
Richmond,-33.6,150.78,GFDL-ESM2M,rcp45,2050,2844.2,54.57,16,1.5,0.37,0.07
Richmond,-33.6,150.78,GFDL-ESM2M,rcp45,2070,3210.98,63.53,19.57,2.07,0.47,0.07
Richmond,-33.6,150.78,GFDL-ESM2M,rcp45,2090,3176.87,62.43,19.1,2.03,0.53,0.07
Richmond,-33.6,150.78,GFDL-ESM2M,rcp85,2030,3009.63,58.93,17.77,1.97,0.4,0.1
Richmond,-33.6,150.78,GFDL-ESM2M,rcp85,2050,3264.12,64.33,20.73,2.37,0.63,0.17
Richmond,-33.6,150.78,GFDL-ESM2M,rcp85,2070,3366.52,65.97,22.3,2.37,0.63,0.23
Richmond,-33.6,150.78,GFDL-ESM2M,rcp85,2090,3881.02,77.03,28.07,3.97,1.03,0.37
Richmond,-33.6,150.78,MIROC5,rcp45,2030,2638.92,49.57,13.97,1.37,0.37,0
Richmond,-33.6,150.78,MIROC5,rcp45,2050,2763.31,52.43,15.3,1.43,0.33,0.03
Richmond,-33.6,150.78,MIROC5,rcp45,2070,2631.29,49.1,13.93,1.37,0.33,0
Richmond,-33.6,150.78,MIROC5,rcp45,2090,2743.67,52.13,15.17,1.37,0.37,0
Richmond,-33.6,150.78,MIROC5,rcp85,2030,2781.87,52.13,15.63,1.5,0.37,0.03
Richmond,-33.6,150.78,MIROC5,rcp85,2050,2802.3,52.6,15.87,1.53,0.37,0.03
Richmond,-33.6,150.78,MIROC5,rcp85,2070,2766.03,52.67,15.37,1.43,0.37,0
Richmond,-33.6,150.78,MIROC5,rcp85,2090,2830.4,54.03,16.8,1.6,0.37,0.03
Richmond,-33.6,150.78,OBS,historical,1995,2647.98,47.1,13.2,1.23,0.37,0
Rockhampton,-23.38,150.48,CESM1-CAM5,rcp45,2030,3305.31,84.33,12.67,0.67,0.03,0.03
Rockhampton,-23.38,150.48,CESM1-CAM5,rcp45,2050,3490.94,95.93,14.17,0.77,0.03,0.03
Rockhampton,-23.38,150.48,CESM1-CAM5,rcp45,2070,3426.82,93.1,13.83,0.83,0.03,0.03
Rockhampton,-23.38,150.48,CESM1-CAM5,rcp45,2090,3603.42,101.03,15.67,0.93,0.07,0.03
Rockhampton,-23.38,150.48,CESM1-CAM5,rcp85,2030,3459.91,95.07,14.3,0.77,0.07,0.03
Rockhampton,-23.38,150.48,CESM1-CAM5,rcp85,2050,3760.33,110.53,17.17,1.03,0.1,0.03
Rockhampton,-23.38,150.48,CESM1-CAM5,rcp85,2070,4056.08,124.3,20.4,1.47,0.17,0.07
Rockhampton,-23.38,150.48,CESM1-CAM5,rcp85,2090,4070.57,121.63,21.7,1.77,0.2,0.07
Rockhampton,-23.38,150.48,GFDL-ESM2M,rcp45,2030,4020.84,125.03,18.8,1.03,0.1,0.03
Rockhampton,-23.38,150.48,GFDL-ESM2M,rcp45,2050,3886.89,116.1,17.97,1,0.07,0.03
Rockhampton,-23.38,150.48,GFDL-ESM2M,rcp45,2070,4409.37,142.6,23.03,1.47,0.13,0.03
Rockhampton,-23.38,150.48,GFDL-ESM2M,rcp45,2090,4150.43,129.27,20.53,1.3,0.1,0.03
Rockhampton,-23.38,150.48,GFDL-ESM2M,rcp85,2030,4142.56,129.33,20.43,1.37,0.03,0.07
Rockhampton,-23.38,150.48,GFDL-ESM2M,rcp85,2050,4415.77,140.33,24.07,1.7,0.13,0.07
Rockhampton,-23.38,150.48,GFDL-ESM2M,rcp85,2070,4621.57,148.47,26.57,2.07,0.2,0.1
Rockhampton,-23.38,150.48,GFDL-ESM2M,rcp85,2090,4991.84,165.13,32,2.4,0.2,0.1
Rockhampton,-23.38,150.48,MIROC5,rcp45,2030,3400.74,89.7,13.47,0.8,0.13,0
Rockhampton,-23.38,150.48,MIROC5,rcp45,2050,3522.4,95.43,15,0.77,0.13,0
Rockhampton,-23.38,150.48,MIROC5,rcp45,2070,3489.14,93.47,14.13,0.8,0.1,0.03
Rockhampton,-23.38,150.48,MIROC5,rcp45,2090,3622.27,103.03,15.4,0.8,0.07,0.03
Rockhampton,-23.38,150.48,MIROC5,rcp85,2030,3712.89,107.8,15.93,0.93,0.1,0.03
Rockhampton,-23.38,150.48,MIROC5,rcp85,2050,3807.09,110.3,17.23,1.2,0.1,0.07
Rockhampton,-23.38,150.48,MIROC5,rcp85,2070,3808.55,111.1,17.3,1.17,0.1,0.03
Rockhampton,-23.38,150.48,MIROC5,rcp85,2090,3647.98,101.93,16.7,1,0.1,0.03
Rockhampton,-23.38,150.48,OBS,historical,1995,3355.13,84.13,12.23,0.6,0.07,0
Sale,-38.12,147.13,CESM1-CAM5,rcp45,2030,1878.52,25.23,5.7,0.5,0.1,0.07
Sale,-38.12,147.13,CESM1-CAM5,rcp45,2050,2036.12,28.9,6.8,0.7,0.1,0.07
Sale,-38.12,147.13,CESM1-CAM5,rcp45,2070,2053.6,29.97,7.03,0.83,0.1,0.07
Sale,-38.12,147.13,CESM1-CAM5,rcp45,2090,2174.88,32.43,8.03,0.93,0.07,0.1
Sale,-38.12,147.13,CESM1-CAM5,rcp85,2030,2053.92,29.77,7,0.8,0.1,0.07
Sale,-38.12,147.13,CESM1-CAM5,rcp85,2050,2134.96,31.73,7.67,0.97,0.03,0.13
Sale,-38.12,147.13,CESM1-CAM5,rcp85,2070,2358.65,38,9.43,1.47,0.07,0.17
Sale,-38.12,147.13,CESM1-CAM5,rcp85,2090,2712.34,48.07,11.7,1.93,0.33,0.17
Sale,-38.12,147.13,GFDL-ESM2M,rcp45,2030,2114.72,31.4,7.33,0.8,0.1,0.07
Sale,-38.12,147.13,GFDL-ESM2M,rcp45,2050,1949.05,26.6,6.27,0.67,0.1,0.07
Sale,-38.12,147.13,GFDL-ESM2M,rcp45,2070,2284.55,35.8,8.4,1,0.07,0.1
Sale,-38.12,147.13,GFDL-ESM2M,rcp45,2090,2113.68,30.8,7.3,0.77,0.13,0.03
Sale,-38.12,147.13,GFDL-ESM2M,rcp85,2030,1999.89,28.1,6.5,0.77,0.1,0.07
Sale,-38.12,147.13,GFDL-ESM2M,rcp85,2050,2176.82,31.63,8.13,0.83,0.07,0.1
Sale,-38.12,147.13,GFDL-ESM2M,rcp85,2070,2371.91,37.57,9.3,1.13,0.03,0.13
Sale,-38.12,147.13,GFDL-ESM2M,rcp85,2090,2737.73,48.47,12.03,1.63,0.2,0.13
Sale,-38.12,147.13,MIROC5,rcp45,2030,1874.35,24.93,5.9,0.47,0.17,0
Sale,-38.12,147.13,MIROC5,rcp45,2050,1970.98,27.57,6.33,0.57,0.13,0.03
Sale,-38.12,147.13,MIROC5,rcp45,2070,1934.16,26.27,6.17,0.57,0.13,0.03
Sale,-38.12,147.13,MIROC5,rcp45,2090,2070.65,29.7,7.2,0.7,0.1,0.07
Sale,-38.12,147.13,MIROC5,rcp85,2030,1991.33,28.13,6.63,0.6,0.1,0.07
Sale,-38.12,147.13,MIROC5,rcp85,2050,2037.04,29.53,6.87,0.73,0.1,0.07
Sale,-38.12,147.13,MIROC5,rcp85,2070,2151.02,32.4,7.67,0.8,0.07,0.1
Sale,-38.12,147.13,MIROC5,rcp85,2090,2048.31,29.43,7.3,0.8,0.1,0.07
Sale,-38.12,147.13,OBS,historical,1995,1849.21,23.93,5.27,0.5,0.1,0.07
Sydney-AP,-33.94,151.17,CESM1-CAM5,rcp45,2030,2014.65,29.87,6.4,1.23,0.2,0
Sydney-AP,-33.94,151.17,CESM1-CAM5,rcp45,2050,2096.39,32.4,7,1.33,0.2,0
Sydney-AP,-33.94,151.17,CESM1-CAM5,rcp45,2070,2149.25,34.27,7.47,1.43,0.2,0.03
Sydney-AP,-33.94,151.17,CESM1-CAM5,rcp45,2090,2276.75,36.83,8.17,1.6,0.23,0.03
Sydney-AP,-33.94,151.17,CESM1-CAM5,rcp85,2030,2169.47,34.47,7.27,1.53,0.2,0.03
Sydney-AP,-33.94,151.17,CESM1-CAM5,rcp85,2050,2253.66,36.7,8.17,1.47,0.33,0.03
Sydney-AP,-33.94,151.17,CESM1-CAM5,rcp85,2070,2463.79,41.57,9.9,1.8,0.57,0.1
Sydney-AP,-33.94,151.17,CESM1-CAM5,rcp85,2090,2816.62,52.23,12.33,2.53,0.77,0.17
Sydney-AP,-33.94,151.17,GFDL-ESM2M,rcp45,2030,2205.3,34.6,7.53,1.5,0.2,0.03
Sydney-AP,-33.94,151.17,GFDL-ESM2M,rcp45,2050,2178.26,33.9,7.47,1.47,0.23,0.03
Sydney-AP,-33.94,151.17,GFDL-ESM2M,rcp45,2070,2476,41.57,9.33,1.8,0.3,0.03
Sydney-AP,-33.94,151.17,GFDL-ESM2M,rcp45,2090,2443.18,41.17,9.13,1.87,0.37,0.03
Sydney-AP,-33.94,151.17,GFDL-ESM2M,rcp85,2030,2330.92,38.17,8.37,1.63,0.27,0.03
Sydney-AP,-33.94,151.17,GFDL-ESM2M,rcp85,2050,2558.16,44.73,9.8,1.77,0.53,0.07
Sydney-AP,-33.94,151.17,GFDL-ESM2M,rcp85,2070,2608.72,45.7,10.03,2.13,0.57,0.1
Sydney-AP,-33.94,151.17,GFDL-ESM2M,rcp85,2090,3068.94,58.3,13.47,3,1.07,0.23
Sydney-AP,-33.94,151.17,MIROC5,rcp45,2030,2009.66,30.13,6.73,1.33,0.17,0
Sydney-AP,-33.94,151.17,MIROC5,rcp45,2050,2108.76,31.87,7.47,1.5,0.13,0.03
Sydney-AP,-33.94,151.17,MIROC5,rcp45,2070,1991.22,29.37,6.8,1.23,0.17,0
Sydney-AP,-33.94,151.17,MIROC5,rcp45,2090,2083.75,31.5,7.1,1.4,0.2,0
Sydney-AP,-33.94,151.17,MIROC5,rcp85,2030,2130.1,32.53,7.47,1.53,0.2,0.03
Sydney-AP,-33.94,151.17,MIROC5,rcp85,2050,2135.91,32.8,7.47,1.6,0.23,0.03
Sydney-AP,-33.94,151.17,MIROC5,rcp85,2070,2075.37,31.3,7.1,1.37,0.2,0
Sydney-AP,-33.94,151.17,MIROC5,rcp85,2090,2129.21,33.23,7.9,1.43,0.23,0.03
Sydney-AP,-33.94,151.17,OBS,historical,1995,2029.44,29.1,6.67,1.13,0.2,0
Tennant-Creek,-19.64,134.18,CESM1-CAM5,rcp45,2030,8865.99,124.23,153.5,16.5,0.8,0
Tennant-Creek,-19.64,134.18,CESM1-CAM5,rcp45,2050,9411.72,114,160.93,23.13,1.13,0
Tennant-Creek,-19.64,134.18,CESM1-CAM5,rcp45,2070,9388.37,113.63,162.5,22.57,0.9,0.03
Tennant-Creek,-19.64,134.18,CESM1-CAM5,rcp45,2090,9600.4,108.8,166,24.83,1.03,0.03
Tennant-Creek,-19.64,134.18,CESM1-CAM5,rcp85,2030,9094.01,118.87,156.9,19.27,0.8,0
Tennant-Creek,-19.64,134.18,CESM1-CAM5,rcp85,2050,10035.6,101.2,175.37,28.3,1.33,0.03
Tennant-Creek,-19.64,134.18,CESM1-CAM5,rcp85,2070,10088.77,96.37,174.03,30.8,1.53,0.03
Tennant-Creek,-19.64,134.18,CESM1-CAM5,rcp85,2090,10516.78,87.47,175.47,38.77,2.1,0.13
Tennant-Creek,-19.64,134.18,GFDL-ESM2M,rcp45,2030,11242.36,79.93,197.27,40.6,2.37,0.2
Tennant-Creek,-19.64,134.18,GFDL-ESM2M,rcp45,2050,9971.57,101.1,176.47,27.2,1.13,0
Tennant-Creek,-19.64,134.18,GFDL-ESM2M,rcp45,2070,11739.95,72.27,197.43,49.3,3.1,0.2
Tennant-Creek,-19.64,134.18,GFDL-ESM2M,rcp45,2090,10232.33,92.7,183.07,30.93,1.03,0
Tennant-Creek,-19.64,134.18,GFDL-ESM2M,rcp85,2030,10458.61,92.77,185.07,31.83,1.37,0.07
Tennant-Creek,-19.64,134.18,GFDL-ESM2M,rcp85,2050,11435.51,83.5,183.83,48.3,3.17,0.27
Tennant-Creek,-19.64,134.18,GFDL-ESM2M,rcp85,2070,11578.81,69.93,193.13,50.4,2.7,0.13
Tennant-Creek,-19.64,134.18,GFDL-ESM2M,rcp85,2090,12962.27,50.37,197.47,71.8,5.27,0.37
Tennant-Creek,-19.64,134.18,MIROC5,rcp45,2030,8982.84,120.9,153.73,18.57,0.63,0
Tennant-Creek,-19.64,134.18,MIROC5,rcp45,2050,8857.13,122.5,148.9,18.63,0.8,0
Tennant-Creek,-19.64,134.18,MIROC5,rcp45,2070,9048.51,118.6,155.6,19.37,0.83,0
Tennant-Creek,-19.64,134.18,MIROC5,rcp45,2090,9377.93,112.47,162.8,22.33,0.9,0
Tennant-Creek,-19.64,134.18,MIROC5,rcp85,2030,9012.72,121.73,152.03,19.57,0.93,0
Tennant-Creek,-19.64,134.18,MIROC5,rcp85,2050,9278.52,115.67,157.93,21.9,0.97,0
Tennant-Creek,-19.64,134.18,MIROC5,rcp85,2070,9123.63,116.13,157.57,20.5,0.8,0
Tennant-Creek,-19.64,134.18,MIROC5,rcp85,2090,9225.34,110.87,159.9,22.03,0.8,0
Tennant-Creek,-19.64,134.18,OBS,historical,1995,8915.43,130.67,147.1,16.07,0.63,0
Townsville,-19.25,146.77,CESM1-CAM5,rcp45,2030,2576.29,42.23,5.83,0.17,0,0
Townsville,-19.25,146.77,CESM1-CAM5,rcp45,2050,2705.35,49.43,6.2,0.27,0,0
Townsville,-19.25,146.77,CESM1-CAM5,rcp45,2070,2646.25,45.93,6,0.17,0,0
Townsville,-19.25,146.77,CESM1-CAM5,rcp45,2090,2685.05,48.03,6.17,0.3,0,0
Townsville,-19.25,146.77,CESM1-CAM5,rcp85,2030,2609.99,45.27,6.03,0.23,0,0
Townsville,-19.25,146.77,CESM1-CAM5,rcp85,2050,2933.69,62.33,7.2,0.33,0,0
Townsville,-19.25,146.77,CESM1-CAM5,rcp85,2070,3047.63,68.6,8.37,0.37,0,0
Townsville,-19.25,146.77,CESM1-CAM5,rcp85,2090,3022.19,66.8,8.87,0.37,0,0
Townsville,-19.25,146.77,GFDL-ESM2M,rcp45,2030,3299.94,82.87,8.77,0.3,0,0
Townsville,-19.25,146.77,GFDL-ESM2M,rcp45,2050,3106.74,70.63,7.77,0.2,0,0
Townsville,-19.25,146.77,GFDL-ESM2M,rcp45,2070,3860.63,122.87,12.13,0.37,0,0
Townsville,-19.25,146.77,GFDL-ESM2M,rcp45,2090,3194.93,78.1,9.2,0.27,0,0
Townsville,-19.25,146.77,GFDL-ESM2M,rcp85,2030,3338.69,85.8,9.63,0.3,0,0
Townsville,-19.25,146.77,GFDL-ESM2M,rcp85,2050,3696.23,110.93,11,0.4,0,0
Townsville,-19.25,146.77,GFDL-ESM2M,rcp85,2070,3560.04,99.73,12.27,0.37,0,0
Townsville,-19.25,146.77,GFDL-ESM2M,rcp85,2090,4017.02,130.73,15.47,0.43,0,0
Townsville,-19.25,146.77,MIROC5,rcp45,2030,2728.36,50.97,6.5,0.23,0,0
Townsville,-19.25,146.77,MIROC5,rcp45,2050,2661.19,48.17,6.17,0.23,0,0
Townsville,-19.25,146.77,MIROC5,rcp45,2070,2830.34,54.5,7.3,0.27,0,0
Townsville,-19.25,146.77,MIROC5,rcp45,2090,3144.01,73.4,8.87,0.33,0,0
Townsville,-19.25,146.77,MIROC5,rcp85,2030,2999.09,66.2,7.7,0.33,0,0
Townsville,-19.25,146.77,MIROC5,rcp85,2050,3027.07,68.63,8.2,0.4,0,0
Townsville,-19.25,146.77,MIROC5,rcp85,2070,3042.01,67.07,8.4,0.33,0,0
Townsville,-19.25,146.77,MIROC5,rcp85,2090,2920.5,60.2,7.97,0.33,0,0
Townsville,-19.25,146.77,OBS,historical,1995,2704.04,45.6,5.87,0.17,0,0
Wagga,-35.16,147.46,CESM1-CAM5,rcp45,2030,3742.87,71.8,33.53,5.27,0.73,0.13
Wagga,-35.16,147.46,CESM1-CAM5,rcp45,2050,3995.62,74.2,37.83,6.07,0.8,0.17
Wagga,-35.16,147.46,CESM1-CAM5,rcp45,2070,4068.64,74.4,38.67,6.23,0.93,0.17
Wagga,-35.16,147.46,CESM1-CAM5,rcp45,2090,4214.63,74.6,41.2,6.63,1.2,0.23
Wagga,-35.16,147.46,CESM1-CAM5,rcp85,2030,3896.2,73.43,36,5.77,0.87,0.13
Wagga,-35.16,147.46,CESM1-CAM5,rcp85,2050,4148.51,76.17,39.67,6.17,0.97,0.23
Wagga,-35.16,147.46,CESM1-CAM5,rcp85,2070,4423.72,76.2,44.03,7.27,1.8,0.27
Wagga,-35.16,147.46,CESM1-CAM5,rcp85,2090,4948.27,75,51.67,9.73,2.63,0.6
Wagga,-35.16,147.46,GFDL-ESM2M,rcp45,2030,4523.04,80.67,45.03,6.97,1.1,0.23
Wagga,-35.16,147.46,GFDL-ESM2M,rcp45,2050,4069.97,73.4,37.97,5.97,1,0.2
Wagga,-35.16,147.46,GFDL-ESM2M,rcp45,2070,4886.11,84.33,51.13,7.6,1.5,0.33
Wagga,-35.16,147.46,GFDL-ESM2M,rcp45,2090,4302.12,81.63,40.37,6.1,1,0.17
Wagga,-35.16,147.46,GFDL-ESM2M,rcp85,2030,4063.58,77.4,36.83,5.47,0.97,0.17
Wagga,-35.16,147.46,GFDL-ESM2M,rcp85,2050,4498.21,79.33,44.93,6.97,1.23,0.3
Wagga,-35.16,147.46,GFDL-ESM2M,rcp85,2070,4815.09,84.93,48.2,7.33,1.67,0.33
Wagga,-35.16,147.46,GFDL-ESM2M,rcp85,2090,5668.43,91.83,61.3,10.6,2.47,0.6
Wagga,-35.16,147.46,MIROC5,rcp45,2030,3758.81,74.67,33.73,5.1,0.77,0.13
Wagga,-35.16,147.46,MIROC5,rcp45,2050,3770.98,74.47,33.87,5.17,0.73,0.13
Wagga,-35.16,147.46,MIROC5,rcp45,2070,3762.73,73.27,34.4,5.23,0.73,0.13
Wagga,-35.16,147.46,MIROC5,rcp45,2090,4012.16,76.03,38.43,5.87,0.83,0.17
Wagga,-35.16,147.46,MIROC5,rcp85,2030,3770.44,73.73,34.03,5.07,0.8,0.13
Wagga,-35.16,147.46,MIROC5,rcp85,2050,3814.2,72.93,34.9,5.27,0.87,0.13
Wagga,-35.16,147.46,MIROC5,rcp85,2070,3896.49,74,36.5,5.6,0.87,0.13
Wagga,-35.16,147.46,MIROC5,rcp85,2090,3828.9,71.67,35.97,5.5,0.93,0.13
Wagga,-35.16,147.46,OBS,historical,1995,3599.67,72.23,31,4.3,0.57,0.13
Williamtown,-32.79,151.84,CESM1-CAM5,rcp45,2030,2071.01,32.27,9.53,1.3,0.17,0.03
Williamtown,-32.79,151.84,CESM1-CAM5,rcp45,2050,2161.7,34.27,10.4,1.43,0.37,0.03
Williamtown,-32.79,151.84,CESM1-CAM5,rcp45,2070,2222.12,35.03,10.83,1.6,0.4,0.03
Williamtown,-32.79,151.84,CESM1-CAM5,rcp45,2090,2344.67,38.1,11.2,1.87,0.5,0.03
Williamtown,-32.79,151.84,CESM1-CAM5,rcp85,2030,2238.81,36,10.83,1.57,0.43,0.03
Williamtown,-32.79,151.84,CESM1-CAM5,rcp85,2050,2318.65,37.7,11.3,1.93,0.47,0.03
Williamtown,-32.79,151.84,CESM1-CAM5,rcp85,2070,2536.28,42.67,13.4,2.4,0.5,0.2
Williamtown,-32.79,151.84,CESM1-CAM5,rcp85,2090,2918.47,51.73,16.7,3.07,0.67,0.33
Williamtown,-32.79,151.84,GFDL-ESM2M,rcp45,2030,2269.98,36.73,10.7,1.5,0.3,0.03
Williamtown,-32.79,151.84,GFDL-ESM2M,rcp45,2050,2258.24,36.1,10.97,1.67,0.33,0.03
Williamtown,-32.79,151.84,GFDL-ESM2M,rcp45,2070,2539.25,43.57,12.4,2.07,0.43,0.07
Williamtown,-32.79,151.84,GFDL-ESM2M,rcp45,2090,2500.68,41.2,12.47,2.03,0.4,0.1
Williamtown,-32.79,151.84,GFDL-ESM2M,rcp85,2030,2413.16,39.7,12.2,1.87,0.43,0.03
Williamtown,-32.79,151.84,GFDL-ESM2M,rcp85,2050,2656.75,45.6,14.03,2.5,0.53,0.13
Williamtown,-32.79,151.84,GFDL-ESM2M,rcp85,2070,2692.61,45.57,14.33,2.67,0.43,0.17
Williamtown,-32.79,151.84,GFDL-ESM2M,rcp85,2090,3168.59,55.97,17.83,3.7,0.97,0.27
Williamtown,-32.79,151.84,MIROC5,rcp45,2030,2075.39,32.13,9.87,1.37,0.23,0.03
Williamtown,-32.79,151.84,MIROC5,rcp45,2050,2183.44,34.63,10.47,1.63,0.3,0.03
Williamtown,-32.79,151.84,MIROC5,rcp45,2070,2060.46,32.13,9.87,1.4,0.27,0.03
Williamtown,-32.79,151.84,MIROC5,rcp45,2090,2155.3,33.67,10.63,1.47,0.3,0.03
Williamtown,-32.79,151.84,MIROC5,rcp85,2030,2208.97,35.5,10.63,1.67,0.37,0.03
Williamtown,-32.79,151.84,MIROC5,rcp85,2050,2211.75,34.97,10.9,1.57,0.37,0.03
Williamtown,-32.79,151.84,MIROC5,rcp85,2070,2130.66,33.5,10.27,1.37,0.3,0.03
Williamtown,-32.79,151.84,MIROC5,rcp85,2090,2202.86,34.27,11,1.63,0.5,0.03
Williamtown,-32.79,151.84,OBS,historical,1995,2065.86,31.37,9.17,1.3,0.17,0
Woomera,-31.16,136.81,CESM1-CAM5,rcp45,2030,8046.38,122.77,100.2,18.93,4.1,1.53
Woomera,-31.16,136.81,CESM1-CAM5,rcp45,2050,8675.52,120.07,108.93,23.23,5.27,1.9
Woomera,-31.16,136.81,CESM1-CAM5,rcp45,2070,8855.13,118.73,111.67,24.47,5.63,2.07
Woomera,-31.16,136.81,CESM1-CAM5,rcp45,2090,8967.23,118.33,113.67,25.17,5.8,2.1
Woomera,-31.16,136.81,CESM1-CAM5,rcp85,2030,8223.53,120.6,104.07,19.8,4.43,1.7
Woomera,-31.16,136.81,CESM1-CAM5,rcp85,2050,9255.11,118.97,118.77,26.23,6.2,2.2
Woomera,-31.16,136.81,CESM1-CAM5,rcp85,2070,9205.22,114.53,114.53,27.37,6.43,2.73
Woomera,-31.16,136.81,CESM1-CAM5,rcp85,2090,9698.2,116.2,121.2,29.63,7.6,3.27
Woomera,-31.16,136.81,GFDL-ESM2M,rcp45,2030,10191.89,115.73,134.13,31.3,7.43,3.17
Woomera,-31.16,136.81,GFDL-ESM2M,rcp45,2050,9038.96,125.4,115.93,23.27,5.73,2.27
Woomera,-31.16,136.81,GFDL-ESM2M,rcp45,2070,10062.82,116.9,129.17,31.07,7.8,3.17
Woomera,-31.16,136.81,GFDL-ESM2M,rcp45,2090,9090.28,124.3,118.13,23.63,5.67,2.43
Woomera,-31.16,136.81,GFDL-ESM2M,rcp85,2030,9153.74,123.87,116.8,25.2,5.73,2.33
Woomera,-31.16,136.81,GFDL-ESM2M,rcp85,2050,10005.93,116.13,127.97,30.83,7.73,3.27
Woomera,-31.16,136.81,GFDL-ESM2M,rcp85,2070,9927.29,119.57,126.77,29.9,7.57,3.43
Woomera,-31.16,136.81,GFDL-ESM2M,rcp85,2090,11094.21,113.53,142.2,37.87,9.33,4.7
Woomera,-31.16,136.81,MIROC5,rcp45,2030,8101.92,117.67,102.07,19.3,4.53,1.47
Woomera,-31.16,136.81,MIROC5,rcp45,2050,8072.38,117.17,101.13,19.67,4.43,1.5
Woomera,-31.16,136.81,MIROC5,rcp45,2070,7978.47,118.93,99.33,18.57,4.3,1.57
Woomera,-31.16,136.81,MIROC5,rcp45,2090,8259.21,114.8,104,21,4.83,1.73
Woomera,-31.16,136.81,MIROC5,rcp85,2030,8064.75,118.63,101.1,19.07,4.53,1.53
Woomera,-31.16,136.81,MIROC5,rcp85,2050,8306.23,116.53,104.13,20.83,5.07,1.7
Woomera,-31.16,136.81,MIROC5,rcp85,2070,8341.16,114.73,105.83,21.5,4.97,1.6
Woomera,-31.16,136.81,MIROC5,rcp85,2090,8193.81,115.6,101.23,21.13,5.1,1.63
Woomera,-31.16,136.81,OBS,historical,1995,7932.1,120.3,98.5,17.7,3.77,1.2
